policy_id,policy,noise_probability,control_hz,trial_index,trial_seed,noise_seed,planning_seed,success,decisions,total_reward,blocked_moves,corrupted_actions,unique_positions,elapsed_seconds,planning_seconds
dp,Dynamic Programming,0.0,20,0,42,1000042,2000042,1,35,66.0,0,0,35,1.75,1.06229999801144e-05
dp,Dynamic Programming,0.0,10,0,42,1000042,2000042,1,35,66.0,0,0,35,3.5,1.06229999801144e-05
dp,Dynamic Programming,0.0,5,0,42,1000042,2000042,1,35,66.0,0,0,35,7.0,1.06229999801144e-05
dp,Dynamic Programming,0.0,2,0,42,1000042,2000042,1,35,66.0,0,0,35,17.5,1.06229999801144e-05
dp,Dynamic Programming,0.0,1,0,42,1000042,2000042,1,35,66.0,0,0,35,35.0,1.06229999801144e-05
dp,Dynamic Programming,0.0,20,1,43,1000043,2000043,1,35,66.0,0,0,35,1.75,9.37600270844996e-06
dp,Dynamic Programming,0.0,10,1,43,1000043,2000043,1,35,66.0,0,0,35,3.5,9.37600270844996e-06
dp,Dynamic Programming,0.0,5,1,43,1000043,2000043,1,35,66.0,0,0,35,7.0,9.37600270844996e-06
dp,Dynamic Programming,0.0,2,1,43,1000043,2000043,1,35,66.0,0,0,35,17.5,9.37600270844996e-06
dp,Dynamic Programming,0.0,1,1,43,1000043,2000043,1,35,66.0,0,0,35,35.0,9.37600270844996e-06
dp,Dynamic Programming,0.0,20,2,44,1000044,2000044,1,35,66.0,0,0,35,1.75,9.249997674487531e-06
dp,Dynamic Programming,0.0,10,2,44,1000044,2000044,1,35,66.0,0,0,35,3.5,9.249997674487531e-06
dp,Dynamic Programming,0.0,5,2,44,1000044,2000044,1,35,66.0,0,0,35,7.0,9.249997674487531e-06
dp,Dynamic Programming,0.0,2,2,44,1000044,2000044,1,35,66.0,0,0,35,17.5,9.249997674487531e-06
dp,Dynamic Programming,0.0,1,2,44,1000044,2000044,1,35,66.0,0,0,35,35.0,9.249997674487531e-06
dp,Dynamic Programming,0.0,20,3,45,1000045,2000045,1,35,66.0,0,0,35,1.75,8.998991688713431e-06
dp,Dynamic Programming,0.0,10,3,45,1000045,2000045,1,35,66.0,0,0,35,3.5,8.998991688713431e-06
dp,Dynamic Programming,0.0,5,3,45,1000045,2000045,1,35,66.0,0,0,35,7.0,8.998991688713431e-06
dp,Dynamic Programming,0.0,2,3,45,1000045,2000045,1,35,66.0,0,0,35,17.5,8.998991688713431e-06
dp,Dynamic Programming,0.0,1,3,45,1000045,2000045,1,35,66.0,0,0,35,35.0,8.998991688713431e-06
dp,Dynamic Programming,0.0,20,4,46,1000046,2000046,1,35,66.0,0,0,35,1.75,9.249979484593496e-06
dp,Dynamic Programming,0.0,10,4,46,1000046,2000046,1,35,66.0,0,0,35,3.5,9.249979484593496e-06
dp,Dynamic Programming,0.0,5,4,46,1000046,2000046,1,35,66.0,0,0,35,7.0,9.249979484593496e-06
dp,Dynamic Programming,0.0,2,4,46,1000046,2000046,1,35,66.0,0,0,35,17.5,9.249979484593496e-06
dp,Dynamic Programming,0.0,1,4,46,1000046,2000046,1,35,66.0,0,0,35,35.0,9.249979484593496e-06
dp,Dynamic Programming,0.0,20,5,47,1000047,2000047,1,35,66.0,0,0,35,1.75,8.957005775300786e-06
dp,Dynamic Programming,0.0,10,5,47,1000047,2000047,1,35,66.0,0,0,35,3.5,8.957005775300786e-06
dp,Dynamic Programming,0.0,5,5,47,1000047,2000047,1,35,66.0,0,0,35,7.0,8.957005775300786e-06
dp,Dynamic Programming,0.0,2,5,47,1000047,2000047,1,35,66.0,0,0,35,17.5,8.957005775300786e-06
dp,Dynamic Programming,0.0,1,5,47,1000047,2000047,1,35,66.0,0,0,35,35.0,8.957005775300786e-06
dp,Dynamic Programming,0.0,20,6,48,1000048,2000048,1,35,66.0,0,0,35,1.75,9.328996384283528e-06
dp,Dynamic Programming,0.0,10,6,48,1000048,2000048,1,35,66.0,0,0,35,3.5,9.328996384283528e-06
dp,Dynamic Programming,0.0,5,6,48,1000048,2000048,1,35,66.0,0,0,35,7.0,9.328996384283528e-06
dp,Dynamic Programming,0.0,2,6,48,1000048,2000048,1,35,66.0,0,0,35,17.5,9.328996384283528e-06
dp,Dynamic Programming,0.0,1,6,48,1000048,2000048,1,35,66.0,0,0,35,35.0,9.328996384283528e-06
dp,Dynamic Programming,0.0,20,7,49,1000049,2000049,1,35,66.0,0,0,35,1.75,9.207997209159657e-06
dp,Dynamic Programming,0.0,10,7,49,1000049,2000049,1,35,66.0,0,0,35,3.5,9.207997209159657e-06
dp,Dynamic Programming,0.0,5,7,49,1000049,2000049,1,35,66.0,0,0,35,7.0,9.207997209159657e-06
dp,Dynamic Programming,0.0,2,7,49,1000049,2000049,1,35,66.0,0,0,35,17.5,9.207997209159657e-06
dp,Dynamic Programming,0.0,1,7,49,1000049,2000049,1,35,66.0,0,0,35,35.0,9.207997209159657e-06
dp,Dynamic Programming,0.0,20,8,50,1000050,2000050,1,35,66.0,0,0,35,1.75,8.832994353724644e-06
dp,Dynamic Programming,0.0,10,8,50,1000050,2000050,1,35,66.0,0,0,35,3.5,8.832994353724644e-06
dp,Dynamic Programming,0.0,5,8,50,1000050,2000050,1,35,66.0,0,0,35,7.0,8.832994353724644e-06
dp,Dynamic Programming,0.0,2,8,50,1000050,2000050,1,35,66.0,0,0,35,17.5,8.832994353724644e-06
dp,Dynamic Programming,0.0,1,8,50,1000050,2000050,1,35,66.0,0,0,35,35.0,8.832994353724644e-06
dp,Dynamic Programming,0.0,20,9,51,1000051,2000051,1,35,66.0,0,0,35,1.75,9.288000001106411e-06
dp,Dynamic Programming,0.0,10,9,51,1000051,2000051,1,35,66.0,0,0,35,3.5,9.288000001106411e-06
dp,Dynamic Programming,0.0,5,9,51,1000051,2000051,1,35,66.0,0,0,35,7.0,9.288000001106411e-06
dp,Dynamic Programming,0.0,2,9,51,1000051,2000051,1,35,66.0,0,0,35,17.5,9.288000001106411e-06
dp,Dynamic Programming,0.0,1,9,51,1000051,2000051,1,35,66.0,0,0,35,35.0,9.288000001106411e-06
dp,Dynamic Programming,0.0,20,10,52,1000052,2000052,1,35,66.0,0,0,35,1.75,9.163995855487883e-06
dp,Dynamic Programming,0.0,10,10,52,1000052,2000052,1,35,66.0,0,0,35,3.5,9.163995855487883e-06
dp,Dynamic Programming,0.0,5,10,52,1000052,2000052,1,35,66.0,0,0,35,7.0,9.163995855487883e-06
dp,Dynamic Programming,0.0,2,10,52,1000052,2000052,1,35,66.0,0,0,35,17.5,9.163995855487883e-06
dp,Dynamic Programming,0.0,1,10,52,1000052,2000052,1,35,66.0,0,0,35,35.0,9.163995855487883e-06
dp,Dynamic Programming,0.0,20,11,53,1000053,2000053,1,35,66.0,0,0,35,1.75,9.330011380370706e-06
dp,Dynamic Programming,0.0,10,11,53,1000053,2000053,1,35,66.0,0,0,35,3.5,9.330011380370706e-06
dp,Dynamic Programming,0.0,5,11,53,1000053,2000053,1,35,66.0,0,0,35,7.0,9.330011380370706e-06
dp,Dynamic Programming,0.0,2,11,53,1000053,2000053,1,35,66.0,0,0,35,17.5,9.330011380370706e-06
dp,Dynamic Programming,0.0,1,11,53,1000053,2000053,1,35,66.0,0,0,35,35.0,9.330011380370706e-06
dp,Dynamic Programming,0.0,20,12,54,1000054,2000054,1,35,66.0,0,0,35,1.75,9.24799678614363e-06
dp,Dynamic Programming,0.0,10,12,54,1000054,2000054,1,35,66.0,0,0,35,3.5,9.24799678614363e-06
dp,Dynamic Programming,0.0,5,12,54,1000054,2000054,1,35,66.0,0,0,35,7.0,9.24799678614363e-06
dp,Dynamic Programming,0.0,2,12,54,1000054,2000054,1,35,66.0,0,0,35,17.5,9.24799678614363e-06
dp,Dynamic Programming,0.0,1,12,54,1000054,2000054,1,35,66.0,0,0,35,35.0,9.24799678614363e-06
dp,Dynamic Programming,0.0,20,13,55,1000055,2000055,1,35,66.0,0,0,35,1.75,8.707993401912972e-06
dp,Dynamic Programming,0.0,10,13,55,1000055,2000055,1,35,66.0,0,0,35,3.5,8.707993401912972e-06
dp,Dynamic Programming,0.0,5,13,55,1000055,2000055,1,35,66.0,0,0,35,7.0,8.707993401912972e-06
dp,Dynamic Programming,0.0,2,13,55,1000055,2000055,1,35,66.0,0,0,35,17.5,8.707993401912972e-06
dp,Dynamic Programming,0.0,1,13,55,1000055,2000055,1,35,66.0,0,0,35,35.0,8.707993401912972e-06
dp,Dynamic Programming,0.0,20,14,56,1000056,2000056,1,35,66.0,0,0,35,1.75,9.123992640525103e-06
dp,Dynamic Programming,0.0,10,14,56,1000056,2000056,1,35,66.0,0,0,35,3.5,9.123992640525103e-06
dp,Dynamic Programming,0.0,5,14,56,1000056,2000056,1,35,66.0,0,0,35,7.0,9.123992640525103e-06
dp,Dynamic Programming,0.0,2,14,56,1000056,2000056,1,35,66.0,0,0,35,17.5,9.123992640525103e-06
dp,Dynamic Programming,0.0,1,14,56,1000056,2000056,1,35,66.0,0,0,35,35.0,9.123992640525103e-06
dp,Dynamic Programming,0.0,20,15,57,1000057,2000057,1,35,66.0,0,0,35,1.75,8.83198663359508e-06
dp,Dynamic Programming,0.0,10,15,57,1000057,2000057,1,35,66.0,0,0,35,3.5,8.83198663359508e-06
dp,Dynamic Programming,0.0,5,15,57,1000057,2000057,1,35,66.0,0,0,35,7.0,8.83198663359508e-06
dp,Dynamic Programming,0.0,2,15,57,1000057,2000057,1,35,66.0,0,0,35,17.5,8.83198663359508e-06
dp,Dynamic Programming,0.0,1,15,57,1000057,2000057,1,35,66.0,0,0,35,35.0,8.83198663359508e-06
dp,Dynamic Programming,0.0,20,16,58,1000058,2000058,1,35,66.0,0,0,35,1.75,9.121002221945673e-06
dp,Dynamic Programming,0.0,10,16,58,1000058,2000058,1,35,66.0,0,0,35,3.5,9.121002221945673e-06
dp,Dynamic Programming,0.0,5,16,58,1000058,2000058,1,35,66.0,0,0,35,7.0,9.121002221945673e-06
dp,Dynamic Programming,0.0,2,16,58,1000058,2000058,1,35,66.0,0,0,35,17.5,9.121002221945673e-06
dp,Dynamic Programming,0.0,1,16,58,1000058,2000058,1,35,66.0,0,0,35,35.0,9.121002221945673e-06
dp,Dynamic Programming,0.0,20,17,59,1000059,2000059,1,35,66.0,0,0,35,1.75,9.163988579530269e-06
dp,Dynamic Programming,0.0,10,17,59,1000059,2000059,1,35,66.0,0,0,35,3.5,9.163988579530269e-06
dp,Dynamic Programming,0.0,5,17,59,1000059,2000059,1,35,66.0,0,0,35,7.0,9.163988579530269e-06
dp,Dynamic Programming,0.0,2,17,59,1000059,2000059,1,35,66.0,0,0,35,17.5,9.163988579530269e-06
dp,Dynamic Programming,0.0,1,17,59,1000059,2000059,1,35,66.0,0,0,35,35.0,9.163988579530269e-06
dp,Dynamic Programming,0.0,20,18,60,1000060,2000060,1,35,66.0,0,0,35,1.75,9.163995855487883e-06
dp,Dynamic Programming,0.0,10,18,60,1000060,2000060,1,35,66.0,0,0,35,3.5,9.163995855487883e-06
dp,Dynamic Programming,0.0,5,18,60,1000060,2000060,1,35,66.0,0,0,35,7.0,9.163995855487883e-06
dp,Dynamic Programming,0.0,2,18,60,1000060,2000060,1,35,66.0,0,0,35,17.5,9.163995855487883e-06
dp,Dynamic Programming,0.0,1,18,60,1000060,2000060,1,35,66.0,0,0,35,35.0,9.163995855487883e-06
dp,Dynamic Programming,0.0,20,19,61,1000061,2000061,1,35,66.0,0,0,35,1.75,9.369989129481837e-06
dp,Dynamic Programming,0.0,10,19,61,1000061,2000061,1,35,66.0,0,0,35,3.5,9.369989129481837e-06
dp,Dynamic Programming,0.0,5,19,61,1000061,2000061,1,35,66.0,0,0,35,7.0,9.369989129481837e-06
dp,Dynamic Programming,0.0,2,19,61,1000061,2000061,1,35,66.0,0,0,35,17.5,9.369989129481837e-06
dp,Dynamic Programming,0.0,1,19,61,1000061,2000061,1,35,66.0,0,0,35,35.0,9.369989129481837e-06
dp,Dynamic Programming,0.0,20,20,62,1000062,2000062,1,35,66.0,0,0,35,1.75,9.12000541575253e-06
dp,Dynamic Programming,0.0,10,20,62,1000062,2000062,1,35,66.0,0,0,35,3.5,9.12000541575253e-06
dp,Dynamic Programming,0.0,5,20,62,1000062,2000062,1,35,66.0,0,0,35,7.0,9.12000541575253e-06
dp,Dynamic Programming,0.0,2,20,62,1000062,2000062,1,35,66.0,0,0,35,17.5,9.12000541575253e-06
dp,Dynamic Programming,0.0,1,20,62,1000062,2000062,1,35,66.0,0,0,35,35.0,9.12000541575253e-06
dp,Dynamic Programming,0.0,20,21,63,1000063,2000063,1,35,66.0,0,0,35,1.75,9.164992661681026e-06
dp,Dynamic Programming,0.0,10,21,63,1000063,2000063,1,35,66.0,0,0,35,3.5,9.164992661681026e-06
dp,Dynamic Programming,0.0,5,21,63,1000063,2000063,1,35,66.0,0,0,35,7.0,9.164992661681026e-06
dp,Dynamic Programming,0.0,2,21,63,1000063,2000063,1,35,66.0,0,0,35,17.5,9.164992661681026e-06
dp,Dynamic Programming,0.0,1,21,63,1000063,2000063,1,35,66.0,0,0,35,35.0,9.164992661681026e-06
dp,Dynamic Programming,0.0,20,22,64,1000064,2000064,1,35,66.0,0,0,35,1.75,8.91399395186454e-06
dp,Dynamic Programming,0.0,10,22,64,1000064,2000064,1,35,66.0,0,0,35,3.5,8.91399395186454e-06
dp,Dynamic Programming,0.0,5,22,64,1000064,2000064,1,35,66.0,0,0,35,7.0,8.91399395186454e-06
dp,Dynamic Programming,0.0,2,22,64,1000064,2000064,1,35,66.0,0,0,35,17.5,8.91399395186454e-06
dp,Dynamic Programming,0.0,1,22,64,1000064,2000064,1,35,66.0,0,0,35,35.0,8.91399395186454e-06
dp,Dynamic Programming,0.0,20,23,65,1000065,2000065,1,35,66.0,0,0,35,1.75,9.037994459504262e-06
dp,Dynamic Programming,0.0,10,23,65,1000065,2000065,1,35,66.0,0,0,35,3.5,9.037994459504262e-06
dp,Dynamic Programming,0.0,5,23,65,1000065,2000065,1,35,66.0,0,0,35,7.0,9.037994459504262e-06
dp,Dynamic Programming,0.0,2,23,65,1000065,2000065,1,35,66.0,0,0,35,17.5,9.037994459504262e-06
dp,Dynamic Programming,0.0,1,23,65,1000065,2000065,1,35,66.0,0,0,35,35.0,9.037994459504262e-06
dp,Dynamic Programming,0.0,20,24,66,1000066,2000066,1,35,66.0,0,0,35,1.75,8.916991646401584e-06
dp,Dynamic Programming,0.0,10,24,66,1000066,2000066,1,35,66.0,0,0,35,3.5,8.916991646401584e-06
dp,Dynamic Programming,0.0,5,24,66,1000066,2000066,1,35,66.0,0,0,35,7.0,8.916991646401584e-06
dp,Dynamic Programming,0.0,2,24,66,1000066,2000066,1,35,66.0,0,0,35,17.5,8.916991646401584e-06
dp,Dynamic Programming,0.0,1,24,66,1000066,2000066,1,35,66.0,0,0,35,35.0,8.916991646401584e-06
dp,Dynamic Programming,0.0,20,25,67,1000067,2000067,1,35,66.0,0,0,35,1.75,9.123989002546296e-06
dp,Dynamic Programming,0.0,10,25,67,1000067,2000067,1,35,66.0,0,0,35,3.5,9.123989002546296e-06
dp,Dynamic Programming,0.0,5,25,67,1000067,2000067,1,35,66.0,0,0,35,7.0,9.123989002546296e-06
dp,Dynamic Programming,0.0,2,25,67,1000067,2000067,1,35,66.0,0,0,35,17.5,9.123989002546296e-06
dp,Dynamic Programming,0.0,1,25,67,1000067,2000067,1,35,66.0,0,0,35,35.0,9.123989002546296e-06
dp,Dynamic Programming,0.0,20,26,68,1000068,2000068,1,35,66.0,0,0,35,1.75,9.206007234752178e-06
dp,Dynamic Programming,0.0,10,26,68,1000068,2000068,1,35,66.0,0,0,35,3.5,9.206007234752178e-06
dp,Dynamic Programming,0.0,5,26,68,1000068,2000068,1,35,66.0,0,0,35,7.0,9.206007234752178e-06
dp,Dynamic Programming,0.0,2,26,68,1000068,2000068,1,35,66.0,0,0,35,17.5,9.206007234752178e-06
dp,Dynamic Programming,0.0,1,26,68,1000068,2000068,1,35,66.0,0,0,35,35.0,9.206007234752178e-06
dp,Dynamic Programming,0.0,20,27,69,1000069,2000069,1,35,66.0,0,0,35,1.75,9.249990398529917e-06
dp,Dynamic Programming,0.0,10,27,69,1000069,2000069,1,35,66.0,0,0,35,3.5,9.249990398529917e-06
dp,Dynamic Programming,0.0,5,27,69,1000069,2000069,1,35,66.0,0,0,35,7.0,9.249990398529917e-06
dp,Dynamic Programming,0.0,2,27,69,1000069,2000069,1,35,66.0,0,0,35,17.5,9.249990398529917e-06
dp,Dynamic Programming,0.0,1,27,69,1000069,2000069,1,35,66.0,0,0,35,35.0,9.249990398529917e-06
dp,Dynamic Programming,0.0,20,28,70,1000070,2000070,1,35,66.0,0,0,35,1.75,8.915973012335598e-06
dp,Dynamic Programming,0.0,10,28,70,1000070,2000070,1,35,66.0,0,0,35,3.5,8.915973012335598e-06
dp,Dynamic Programming,0.0,5,28,70,1000070,2000070,1,35,66.0,0,0,35,7.0,8.915973012335598e-06
dp,Dynamic Programming,0.0,2,28,70,1000070,2000070,1,35,66.0,0,0,35,17.5,8.915973012335598e-06
dp,Dynamic Programming,0.0,1,28,70,1000070,2000070,1,35,66.0,0,0,35,35.0,8.915973012335598e-06
dp,Dynamic Programming,0.0,20,29,71,1000071,2000071,1,35,66.0,0,0,35,1.75,8.916998922359198e-06
dp,Dynamic Programming,0.0,10,29,71,1000071,2000071,1,35,66.0,0,0,35,3.5,8.916998922359198e-06
dp,Dynamic Programming,0.0,5,29,71,1000071,2000071,1,35,66.0,0,0,35,7.0,8.916998922359198e-06
dp,Dynamic Programming,0.0,2,29,71,1000071,2000071,1,35,66.0,0,0,35,17.5,8.916998922359198e-06
dp,Dynamic Programming,0.0,1,29,71,1000071,2000071,1,35,66.0,0,0,35,35.0,8.916998922359198e-06
dp,Dynamic Programming,0.1,20,0,42,2000042,2000042,1,38,63.0,0,3,35,1.9,1.0038987966254354e-05
dp,Dynamic Programming,0.1,10,0,42,2000042,2000042,1,38,63.0,0,3,35,3.8,1.0038987966254354e-05
dp,Dynamic Programming,0.1,5,0,42,2000042,2000042,1,38,63.0,0,3,35,7.6,1.0038987966254354e-05
dp,Dynamic Programming,0.1,2,0,42,2000042,2000042,1,38,63.0,0,3,35,19.0,1.0038987966254354e-05
dp,Dynamic Programming,0.1,1,0,42,2000042,2000042,1,38,63.0,0,3,35,38.0,1.0038987966254354e-05
dp,Dynamic Programming,0.1,20,1,43,2000043,2000043,1,38,63.0,0,2,35,1.9,9.750961908139288e-06
dp,Dynamic Programming,0.1,10,1,43,2000043,2000043,1,38,63.0,0,2,35,3.8,9.750961908139288e-06
dp,Dynamic Programming,0.1,5,1,43,2000043,2000043,1,38,63.0,0,2,35,7.6,9.750961908139288e-06
dp,Dynamic Programming,0.1,2,1,43,2000043,2000043,1,38,63.0,0,2,35,19.0,9.750961908139288e-06
dp,Dynamic Programming,0.1,1,1,43,2000043,2000043,1,38,63.0,0,2,35,38.0,9.750961908139288e-06
dp,Dynamic Programming,0.1,20,2,44,2000044,2000044,1,38,63.0,0,3,35,1.9,9.913979738485068e-06
dp,Dynamic Programming,0.1,10,2,44,2000044,2000044,1,38,63.0,0,3,35,3.8,9.913979738485068e-06
dp,Dynamic Programming,0.1,5,2,44,2000044,2000044,1,38,63.0,0,3,35,7.6,9.913979738485068e-06
dp,Dynamic Programming,0.1,2,2,44,2000044,2000044,1,38,63.0,0,3,35,19.0,9.913979738485068e-06
dp,Dynamic Programming,0.1,1,2,44,2000044,2000044,1,38,63.0,0,3,35,38.0,9.913979738485068e-06
dp,Dynamic Programming,0.1,20,3,45,2000045,2000045,1,36,65.0,0,1,35,1.8,9.7070042102132e-06
dp,Dynamic Programming,0.1,10,3,45,2000045,2000045,1,36,65.0,0,1,35,3.6,9.7070042102132e-06
dp,Dynamic Programming,0.1,5,3,45,2000045,2000045,1,36,65.0,0,1,35,7.2,9.7070042102132e-06
dp,Dynamic Programming,0.1,2,3,45,2000045,2000045,1,36,65.0,0,1,35,18.0,9.7070042102132e-06
dp,Dynamic Programming,0.1,1,3,45,2000045,2000045,1,36,65.0,0,1,35,36.0,9.7070042102132e-06
dp,Dynamic Programming,0.1,20,4,46,2000046,2000046,1,48,53.0,0,9,35,2.4,1.220800550072454e-05
dp,Dynamic Programming,0.1,10,4,46,2000046,2000046,1,48,53.0,0,9,35,4.8,1.220800550072454e-05
dp,Dynamic Programming,0.1,5,4,46,2000046,2000046,1,48,53.0,0,9,35,9.6,1.220800550072454e-05
dp,Dynamic Programming,0.1,2,4,46,2000046,2000046,1,48,53.0,0,9,35,24.0,1.220800550072454e-05
dp,Dynamic Programming,0.1,1,4,46,2000046,2000046,1,48,53.0,0,9,35,48.0,1.220800550072454e-05
dp,Dynamic Programming,0.1,20,5,47,2000047,2000047,1,40,61.0,0,4,35,2.0,1.0249026672681794e-05
dp,Dynamic Programming,0.1,10,5,47,2000047,2000047,1,40,61.0,0,4,35,4.0,1.0249026672681794e-05
dp,Dynamic Programming,0.1,5,5,47,2000047,2000047,1,40,61.0,0,4,35,8.0,1.0249026672681794e-05
dp,Dynamic Programming,0.1,2,5,47,2000047,2000047,1,40,61.0,0,4,35,20.0,1.0249026672681794e-05
dp,Dynamic Programming,0.1,1,5,47,2000047,2000047,1,40,61.0,0,4,35,40.0,1.0249026672681794e-05
dp,Dynamic Programming,0.1,20,6,48,2000048,2000048,1,35,66.0,0,0,35,1.75,8.831993909552693e-06
dp,Dynamic Programming,0.1,10,6,48,2000048,2000048,1,35,66.0,0,0,35,3.5,8.831993909552693e-06
dp,Dynamic Programming,0.1,5,6,48,2000048,2000048,1,35,66.0,0,0,35,7.0,8.831993909552693e-06
dp,Dynamic Programming,0.1,2,6,48,2000048,2000048,1,35,66.0,0,0,35,17.5,8.831993909552693e-06
dp,Dynamic Programming,0.1,1,6,48,2000048,2000048,1,35,66.0,0,0,35,35.0,8.831993909552693e-06
dp,Dynamic Programming,0.1,20,7,49,2000049,2000049,1,40,61.0,0,3,35,2.0,1.070898724719882e-05
dp,Dynamic Programming,0.1,10,7,49,2000049,2000049,1,40,61.0,0,3,35,4.0,1.070898724719882e-05
dp,Dynamic Programming,0.1,5,7,49,2000049,2000049,1,40,61.0,0,3,35,8.0,1.070898724719882e-05
dp,Dynamic Programming,0.1,2,7,49,2000049,2000049,1,40,61.0,0,3,35,20.0,1.070898724719882e-05
dp,Dynamic Programming,0.1,1,7,49,2000049,2000049,1,40,61.0,0,3,35,40.0,1.070898724719882e-05
dp,Dynamic Programming,0.1,20,8,50,2000050,2000050,1,38,63.0,0,2,35,1.9,9.622985089663416e-06
dp,Dynamic Programming,0.1,10,8,50,2000050,2000050,1,38,63.0,0,2,35,3.8,9.622985089663416e-06
dp,Dynamic Programming,0.1,5,8,50,2000050,2000050,1,38,63.0,0,2,35,7.6,9.622985089663416e-06
dp,Dynamic Programming,0.1,2,8,50,2000050,2000050,1,38,63.0,0,2,35,19.0,9.622985089663416e-06
dp,Dynamic Programming,0.1,1,8,50,2000050,2000050,1,38,63.0,0,2,35,38.0,9.622985089663416e-06
dp,Dynamic Programming,0.1,20,9,51,2000051,2000051,1,38,63.0,0,3,35,1.9,9.626026439946145e-06
dp,Dynamic Programming,0.1,10,9,51,2000051,2000051,1,38,63.0,0,3,35,3.8,9.626026439946145e-06
dp,Dynamic Programming,0.1,5,9,51,2000051,2000051,1,38,63.0,0,3,35,7.6,9.626026439946145e-06
dp,Dynamic Programming,0.1,2,9,51,2000051,2000051,1,38,63.0,0,3,35,19.0,9.626026439946145e-06
dp,Dynamic Programming,0.1,1,9,51,2000051,2000051,1,38,63.0,0,3,35,38.0,9.626026439946145e-06
dp,Dynamic Programming,0.1,20,10,52,2000052,2000052,1,42,59.0,0,6,35,2.1,1.0667008609743789e-05
dp,Dynamic Programming,0.1,10,10,52,2000052,2000052,1,42,59.0,0,6,35,4.2,1.0667008609743789e-05
dp,Dynamic Programming,0.1,5,10,52,2000052,2000052,1,42,59.0,0,6,35,8.4,1.0667008609743789e-05
dp,Dynamic Programming,0.1,2,10,52,2000052,2000052,1,42,59.0,0,6,35,21.0,1.0667008609743789e-05
dp,Dynamic Programming,0.1,1,10,52,2000052,2000052,1,42,59.0,0,6,35,42.0,1.0667008609743789e-05
dp,Dynamic Programming,0.1,20,11,53,2000053,2000053,1,45,56.0,0,7,35,2.25,1.195500954054296e-05
dp,Dynamic Programming,0.1,10,11,53,2000053,2000053,1,45,56.0,0,7,35,4.5,1.195500954054296e-05
dp,Dynamic Programming,0.1,5,11,53,2000053,2000053,1,45,56.0,0,7,35,9.0,1.195500954054296e-05
dp,Dynamic Programming,0.1,2,11,53,2000053,2000053,1,45,56.0,0,7,35,22.5,1.195500954054296e-05
dp,Dynamic Programming,0.1,1,11,53,2000053,2000053,1,45,56.0,0,7,35,45.0,1.195500954054296e-05
dp,Dynamic Programming,0.1,20,12,54,2000054,2000054,1,45,56.0,0,6,35,2.25,1.1621999874478206e-05
dp,Dynamic Programming,0.1,10,12,54,2000054,2000054,1,45,56.0,0,6,35,4.5,1.1621999874478206e-05
dp,Dynamic Programming,0.1,5,12,54,2000054,2000054,1,45,56.0,0,6,35,9.0,1.1621999874478206e-05
dp,Dynamic Programming,0.1,2,12,54,2000054,2000054,1,45,56.0,0,6,35,22.5,1.1621999874478206e-05
dp,Dynamic Programming,0.1,1,12,54,2000054,2000054,1,45,56.0,0,6,35,45.0,1.1621999874478206e-05
dp,Dynamic Programming,0.1,20,13,55,2000055,2000055,1,46,55.0,0,8,37,2.3,1.2496995623223484e-05
dp,Dynamic Programming,0.1,10,13,55,2000055,2000055,1,46,55.0,0,8,37,4.6,1.2496995623223484e-05
dp,Dynamic Programming,0.1,5,13,55,2000055,2000055,1,46,55.0,0,8,37,9.2,1.2496995623223484e-05
dp,Dynamic Programming,0.1,2,13,55,2000055,2000055,1,46,55.0,0,8,37,23.0,1.2496995623223484e-05
dp,Dynamic Programming,0.1,1,13,55,2000055,2000055,1,46,55.0,0,8,37,46.0,1.2496995623223484e-05
dp,Dynamic Programming,0.1,20,14,56,2000056,2000056,1,41,60.0,0,5,35,2.05,1.054100357578136e-05
dp,Dynamic Programming,0.1,10,14,56,2000056,2000056,1,41,60.0,0,5,35,4.1,1.054100357578136e-05
dp,Dynamic Programming,0.1,5,14,56,2000056,2000056,1,41,60.0,0,5,35,8.2,1.054100357578136e-05
dp,Dynamic Programming,0.1,2,14,56,2000056,2000056,1,41,60.0,0,5,35,20.5,1.054100357578136e-05
dp,Dynamic Programming,0.1,1,14,56,2000056,2000056,1,41,60.0,0,5,35,41.0,1.054100357578136e-05
dp,Dynamic Programming,0.1,20,15,57,2000057,2000057,1,40,61.0,0,4,35,2.0,1.0122988896910101e-05
dp,Dynamic Programming,0.1,10,15,57,2000057,2000057,1,40,61.0,0,4,35,4.0,1.0122988896910101e-05
dp,Dynamic Programming,0.1,5,15,57,2000057,2000057,1,40,61.0,0,4,35,8.0,1.0122988896910101e-05
dp,Dynamic Programming,0.1,2,15,57,2000057,2000057,1,40,61.0,0,4,35,20.0,1.0122988896910101e-05
dp,Dynamic Programming,0.1,1,15,57,2000057,2000057,1,40,61.0,0,4,35,40.0,1.0122988896910101e-05
dp,Dynamic Programming,0.1,20,16,58,2000058,2000058,1,37,64.0,0,2,35,1.85,9.79202741291374e-06
dp,Dynamic Programming,0.1,10,16,58,2000058,2000058,1,37,64.0,0,2,35,3.7,9.79202741291374e-06
dp,Dynamic Programming,0.1,5,16,58,2000058,2000058,1,37,64.0,0,2,35,7.4,9.79202741291374e-06
dp,Dynamic Programming,0.1,2,16,58,2000058,2000058,1,37,64.0,0,2,35,18.5,9.79202741291374e-06
dp,Dynamic Programming,0.1,1,16,58,2000058,2000058,1,37,64.0,0,2,35,37.0,9.79202741291374e-06
dp,Dynamic Programming,0.1,20,17,59,2000059,2000059,1,43,58.0,0,6,35,2.15,1.0832009138539433e-05
dp,Dynamic Programming,0.1,10,17,59,2000059,2000059,1,43,58.0,0,6,35,4.3,1.0832009138539433e-05
dp,Dynamic Programming,0.1,5,17,59,2000059,2000059,1,43,58.0,0,6,35,8.6,1.0832009138539433e-05
dp,Dynamic Programming,0.1,2,17,59,2000059,2000059,1,43,58.0,0,6,35,21.5,1.0832009138539433e-05
dp,Dynamic Programming,0.1,1,17,59,2000059,2000059,1,43,58.0,0,6,35,43.0,1.0832009138539433e-05
dp,Dynamic Programming,0.1,20,18,60,2000060,2000060,1,39,62.0,0,3,35,1.95,9.833987860474735e-06
dp,Dynamic Programming,0.1,10,18,60,2000060,2000060,1,39,62.0,0,3,35,3.9,9.833987860474735e-06
dp,Dynamic Programming,0.1,5,18,60,2000060,2000060,1,39,62.0,0,3,35,7.8,9.833987860474735e-06
dp,Dynamic Programming,0.1,2,18,60,2000060,2000060,1,39,62.0,0,3,35,19.5,9.833987860474735e-06
dp,Dynamic Programming,0.1,1,18,60,2000060,2000060,1,39,62.0,0,3,35,39.0,9.833987860474735e-06
dp,Dynamic Programming,0.1,20,19,61,2000061,2000061,1,39,62.0,0,3,35,1.95,1.0000007023336366e-05
dp,Dynamic Programming,0.1,10,19,61,2000061,2000061,1,39,62.0,0,3,35,3.9,1.0000007023336366e-05
dp,Dynamic Programming,0.1,5,19,61,2000061,2000061,1,39,62.0,0,3,35,7.8,1.0000007023336366e-05
dp,Dynamic Programming,0.1,2,19,61,2000061,2000061,1,39,62.0,0,3,35,19.5,1.0000007023336366e-05
dp,Dynamic Programming,0.1,1,19,61,2000061,2000061,1,39,62.0,0,3,35,39.0,1.0000007023336366e-05
dp,Dynamic Programming,0.1,20,20,62,2000062,2000062,1,40,61.0,0,3,35,2.0,1.0457992175361142e-05
dp,Dynamic Programming,0.1,10,20,62,2000062,2000062,1,40,61.0,0,3,35,4.0,1.0457992175361142e-05
dp,Dynamic Programming,0.1,5,20,62,2000062,2000062,1,40,61.0,0,3,35,8.0,1.0457992175361142e-05
dp,Dynamic Programming,0.1,2,20,62,2000062,2000062,1,40,61.0,0,3,35,20.0,1.0457992175361142e-05
dp,Dynamic Programming,0.1,1,20,62,2000062,2000062,1,40,61.0,0,3,35,40.0,1.0457992175361142e-05
dp,Dynamic Programming,0.1,20,21,63,2000063,2000063,1,42,59.0,0,4,35,2.1,1.0709998605307192e-05
dp,Dynamic Programming,0.1,10,21,63,2000063,2000063,1,42,59.0,0,4,35,4.2,1.0709998605307192e-05
dp,Dynamic Programming,0.1,5,21,63,2000063,2000063,1,42,59.0,0,4,35,8.4,1.0709998605307192e-05
dp,Dynamic Programming,0.1,2,21,63,2000063,2000063,1,42,59.0,0,4,35,21.0,1.0709998605307192e-05
dp,Dynamic Programming,0.1,1,21,63,2000063,2000063,1,42,59.0,0,4,35,42.0,1.0709998605307192e-05
dp,Dynamic Programming,0.1,20,22,64,2000064,2000064,1,40,61.0,0,3,35,2.0,9.913987014442682e-06
dp,Dynamic Programming,0.1,10,22,64,2000064,2000064,1,40,61.0,0,3,35,4.0,9.913987014442682e-06
dp,Dynamic Programming,0.1,5,22,64,2000064,2000064,1,40,61.0,0,3,35,8.0,9.913987014442682e-06
dp,Dynamic Programming,0.1,2,22,64,2000064,2000064,1,40,61.0,0,3,35,20.0,9.913987014442682e-06
dp,Dynamic Programming,0.1,1,22,64,2000064,2000064,1,40,61.0,0,3,35,40.0,9.913987014442682e-06
dp,Dynamic Programming,0.1,20,23,65,2000065,2000065,1,40,61.0,0,3,35,2.0,1.0330011718906462e-05
dp,Dynamic Programming,0.1,10,23,65,2000065,2000065,1,40,61.0,0,3,35,4.0,1.0330011718906462e-05
dp,Dynamic Programming,0.1,5,23,65,2000065,2000065,1,40,61.0,0,3,35,8.0,1.0330011718906462e-05
dp,Dynamic Programming,0.1,2,23,65,2000065,2000065,1,40,61.0,0,3,35,20.0,1.0330011718906462e-05
dp,Dynamic Programming,0.1,1,23,65,2000065,2000065,1,40,61.0,0,3,35,40.0,1.0330011718906462e-05
dp,Dynamic Programming,0.1,20,24,66,2000066,2000066,1,43,58.0,0,6,35,2.15,1.133199839387089e-05
dp,Dynamic Programming,0.1,10,24,66,2000066,2000066,1,43,58.0,0,6,35,4.3,1.133199839387089e-05
dp,Dynamic Programming,0.1,5,24,66,2000066,2000066,1,43,58.0,0,6,35,8.6,1.133199839387089e-05
dp,Dynamic Programming,0.1,2,24,66,2000066,2000066,1,43,58.0,0,6,35,21.5,1.133199839387089e-05
dp,Dynamic Programming,0.1,1,24,66,2000066,2000066,1,43,58.0,0,6,35,43.0,1.133199839387089e-05
dp,Dynamic Programming,0.1,20,25,67,2000067,2000067,1,37,64.0,0,2,35,1.85,9.373008651891723e-06
dp,Dynamic Programming,0.1,10,25,67,2000067,2000067,1,37,64.0,0,2,35,3.7,9.373008651891723e-06
dp,Dynamic Programming,0.1,5,25,67,2000067,2000067,1,37,64.0,0,2,35,7.4,9.373008651891723e-06
dp,Dynamic Programming,0.1,2,25,67,2000067,2000067,1,37,64.0,0,2,35,18.5,9.373008651891723e-06
dp,Dynamic Programming,0.1,1,25,67,2000067,2000067,1,37,64.0,0,2,35,37.0,9.373008651891723e-06
dp,Dynamic Programming,0.1,20,26,68,2000068,2000068,1,42,59.0,0,4,35,2.1,1.0666022717487067e-05
dp,Dynamic Programming,0.1,10,26,68,2000068,2000068,1,42,59.0,0,4,35,4.2,1.0666022717487067e-05
dp,Dynamic Programming,0.1,5,26,68,2000068,2000068,1,42,59.0,0,4,35,8.4,1.0666022717487067e-05
dp,Dynamic Programming,0.1,2,26,68,2000068,2000068,1,42,59.0,0,4,35,21.0,1.0666022717487067e-05
dp,Dynamic Programming,0.1,1,26,68,2000068,2000068,1,42,59.0,0,4,35,42.0,1.0666022717487067e-05
dp,Dynamic Programming,0.1,20,27,69,2000069,2000069,1,41,60.0,0,6,35,2.05,1.0456999007146806e-05
dp,Dynamic Programming,0.1,10,27,69,2000069,2000069,1,41,60.0,0,6,35,4.1,1.0456999007146806e-05
dp,Dynamic Programming,0.1,5,27,69,2000069,2000069,1,41,60.0,0,6,35,8.2,1.0456999007146806e-05
dp,Dynamic Programming,0.1,2,27,69,2000069,2000069,1,41,60.0,0,6,35,20.5,1.0456999007146806e-05
dp,Dynamic Programming,0.1,1,27,69,2000069,2000069,1,41,60.0,0,6,35,41.0,1.0456999007146806e-05
dp,Dynamic Programming,0.1,20,28,70,2000070,2000070,1,43,58.0,0,5,35,2.15,1.1373023880878463e-05
dp,Dynamic Programming,0.1,10,28,70,2000070,2000070,1,43,58.0,0,5,35,4.3,1.1373023880878463e-05
dp,Dynamic Programming,0.1,5,28,70,2000070,2000070,1,43,58.0,0,5,35,8.6,1.1373023880878463e-05
dp,Dynamic Programming,0.1,2,28,70,2000070,2000070,1,43,58.0,0,5,35,21.5,1.1373023880878463e-05
dp,Dynamic Programming,0.1,1,28,70,2000070,2000070,1,43,58.0,0,5,35,43.0,1.1373023880878463e-05
dp,Dynamic Programming,0.1,20,29,71,2000071,2000071,1,37,64.0,0,1,35,1.85,9.58201417233795e-06
dp,Dynamic Programming,0.1,10,29,71,2000071,2000071,1,37,64.0,0,1,35,3.7,9.58201417233795e-06
dp,Dynamic Programming,0.1,5,29,71,2000071,2000071,1,37,64.0,0,1,35,7.4,9.58201417233795e-06
dp,Dynamic Programming,0.1,2,29,71,2000071,2000071,1,37,64.0,0,1,35,18.5,9.58201417233795e-06
dp,Dynamic Programming,0.1,1,29,71,2000071,2000071,1,37,64.0,0,1,35,37.0,9.58201417233795e-06
dp,Dynamic Programming,0.2,20,0,42,3000042,2000042,1,60,41.0,0,15,36,3.0,1.5538997104158625e-05
dp,Dynamic Programming,0.2,10,0,42,3000042,2000042,1,60,41.0,0,15,36,6.0,1.5538997104158625e-05
dp,Dynamic Programming,0.2,5,0,42,3000042,2000042,1,60,41.0,0,15,36,12.0,1.5538997104158625e-05
dp,Dynamic Programming,0.2,2,0,42,3000042,2000042,1,60,41.0,0,15,36,30.0,1.5538997104158625e-05
dp,Dynamic Programming,0.2,1,0,42,3000042,2000042,1,60,41.0,0,15,36,60.0,1.5538997104158625e-05
dp,Dynamic Programming,0.2,20,1,43,3000043,2000043,1,54,47.0,0,10,35,2.7,1.3628003216581419e-05
dp,Dynamic Programming,0.2,10,1,43,3000043,2000043,1,54,47.0,0,10,35,5.4,1.3628003216581419e-05
dp,Dynamic Programming,0.2,5,1,43,3000043,2000043,1,54,47.0,0,10,35,10.8,1.3628003216581419e-05
dp,Dynamic Programming,0.2,2,1,43,3000043,2000043,1,54,47.0,0,10,35,27.0,1.3628003216581419e-05
dp,Dynamic Programming,0.2,1,1,43,3000043,2000043,1,54,47.0,0,10,35,54.0,1.3628003216581419e-05
dp,Dynamic Programming,0.2,20,2,44,3000044,2000044,1,51,50.0,0,11,35,2.55,1.3872038834961131e-05
dp,Dynamic Programming,0.2,10,2,44,3000044,2000044,1,51,50.0,0,11,35,5.1,1.3872038834961131e-05
dp,Dynamic Programming,0.2,5,2,44,3000044,2000044,1,51,50.0,0,11,35,10.2,1.3872038834961131e-05
dp,Dynamic Programming,0.2,2,2,44,3000044,2000044,1,51,50.0,0,11,35,25.5,1.3872038834961131e-05
dp,Dynamic Programming,0.2,1,2,44,3000044,2000044,1,51,50.0,0,11,35,51.0,1.3872038834961131e-05
dp,Dynamic Programming,0.2,20,3,45,3000045,2000045,1,44,57.0,0,5,35,2.2,1.1455005733296275e-05
dp,Dynamic Programming,0.2,10,3,45,3000045,2000045,1,44,57.0,0,5,35,4.4,1.1455005733296275e-05
dp,Dynamic Programming,0.2,5,3,45,3000045,2000045,1,44,57.0,0,5,35,8.8,1.1455005733296275e-05
dp,Dynamic Programming,0.2,2,3,45,3000045,2000045,1,44,57.0,0,5,35,22.0,1.1455005733296275e-05
dp,Dynamic Programming,0.2,1,3,45,3000045,2000045,1,44,57.0,0,5,35,44.0,1.1455005733296275e-05
dp,Dynamic Programming,0.2,20,4,46,3000046,2000046,1,47,54.0,0,9,35,2.35,1.183198401122354e-05
dp,Dynamic Programming,0.2,10,4,46,3000046,2000046,1,47,54.0,0,9,35,4.7,1.183198401122354e-05
dp,Dynamic Programming,0.2,5,4,46,3000046,2000046,1,47,54.0,0,9,35,9.4,1.183198401122354e-05
dp,Dynamic Programming,0.2,2,4,46,3000046,2000046,1,47,54.0,0,9,35,23.5,1.183198401122354e-05
dp,Dynamic Programming,0.2,1,4,46,3000046,2000046,1,47,54.0,0,9,35,47.0,1.183198401122354e-05
dp,Dynamic Programming,0.2,20,5,47,3000047,2000047,1,58,43.0,0,16,38,2.9,1.516398333478719e-05
dp,Dynamic Programming,0.2,10,5,47,3000047,2000047,1,58,43.0,0,16,38,5.8,1.516398333478719e-05
dp,Dynamic Programming,0.2,5,5,47,3000047,2000047,1,58,43.0,0,16,38,11.6,1.516398333478719e-05
dp,Dynamic Programming,0.2,2,5,47,3000047,2000047,1,58,43.0,0,16,38,29.0,1.516398333478719e-05
dp,Dynamic Programming,0.2,1,5,47,3000047,2000047,1,58,43.0,0,16,38,58.0,1.516398333478719e-05
dp,Dynamic Programming,0.2,20,6,48,3000048,2000048,1,49,52.0,0,12,35,2.45,1.30369771795813e-05
dp,Dynamic Programming,0.2,10,6,48,3000048,2000048,1,49,52.0,0,12,35,4.9,1.30369771795813e-05
dp,Dynamic Programming,0.2,5,6,48,3000048,2000048,1,49,52.0,0,12,35,9.8,1.30369771795813e-05
dp,Dynamic Programming,0.2,2,6,48,3000048,2000048,1,49,52.0,0,12,35,24.5,1.30369771795813e-05
dp,Dynamic Programming,0.2,1,6,48,3000048,2000048,1,49,52.0,0,12,35,49.0,1.30369771795813e-05
dp,Dynamic Programming,0.2,20,7,49,3000049,2000049,1,63,38.0,0,16,37,3.15,1.5959965821821243e-05
dp,Dynamic Programming,0.2,10,7,49,3000049,2000049,1,63,38.0,0,16,37,6.3,1.5959965821821243e-05
dp,Dynamic Programming,0.2,5,7,49,3000049,2000049,1,63,38.0,0,16,37,12.6,1.5959965821821243e-05
dp,Dynamic Programming,0.2,2,7,49,3000049,2000049,1,63,38.0,0,16,37,31.5,1.5959965821821243e-05
dp,Dynamic Programming,0.2,1,7,49,3000049,2000049,1,63,38.0,0,16,37,63.0,1.5959965821821243e-05
dp,Dynamic Programming,0.2,20,8,50,3000050,2000050,1,43,58.0,0,6,35,2.15,1.133202385972254e-05
dp,Dynamic Programming,0.2,10,8,50,3000050,2000050,1,43,58.0,0,6,35,4.3,1.133202385972254e-05
dp,Dynamic Programming,0.2,5,8,50,3000050,2000050,1,43,58.0,0,6,35,8.6,1.133202385972254e-05
dp,Dynamic Programming,0.2,2,8,50,3000050,2000050,1,43,58.0,0,6,35,21.5,1.133202385972254e-05
dp,Dynamic Programming,0.2,1,8,50,3000050,2000050,1,43,58.0,0,6,35,43.0,1.133202385972254e-05
dp,Dynamic Programming,0.2,20,9,51,3000051,2000051,1,53,48.0,0,12,37,2.65,1.3831013347953558e-05
dp,Dynamic Programming,0.2,10,9,51,3000051,2000051,1,53,48.0,0,12,37,5.3,1.3831013347953558e-05
dp,Dynamic Programming,0.2,5,9,51,3000051,2000051,1,53,48.0,0,12,37,10.6,1.3831013347953558e-05
dp,Dynamic Programming,0.2,2,9,51,3000051,2000051,1,53,48.0,0,12,37,26.5,1.3831013347953558e-05
dp,Dynamic Programming,0.2,1,9,51,3000051,2000051,1,53,48.0,0,12,37,53.0,1.3831013347953558e-05
dp,Dynamic Programming,0.2,20,10,52,3000052,2000052,1,51,50.0,0,13,35,2.55,1.3538014172809198e-05
dp,Dynamic Programming,0.2,10,10,52,3000052,2000052,1,51,50.0,0,13,35,5.1,1.3538014172809198e-05
dp,Dynamic Programming,0.2,5,10,52,3000052,2000052,1,51,50.0,0,13,35,10.2,1.3538014172809198e-05
dp,Dynamic Programming,0.2,2,10,52,3000052,2000052,1,51,50.0,0,13,35,25.5,1.3538014172809198e-05
dp,Dynamic Programming,0.2,1,10,52,3000052,2000052,1,51,50.0,0,13,35,51.0,1.3538014172809198e-05
dp,Dynamic Programming,0.2,20,11,53,3000053,2000053,1,54,43.0,1,12,37,2.7,1.3787972420686856e-05
dp,Dynamic Programming,0.2,10,11,53,3000053,2000053,1,54,43.0,1,12,37,5.4,1.3787972420686856e-05
dp,Dynamic Programming,0.2,5,11,53,3000053,2000053,1,54,43.0,1,12,37,10.8,1.3787972420686856e-05
dp,Dynamic Programming,0.2,2,11,53,3000053,2000053,1,54,43.0,1,12,37,27.0,1.3787972420686856e-05
dp,Dynamic Programming,0.2,1,11,53,3000053,2000053,1,54,43.0,1,12,37,54.0,1.3787972420686856e-05
dp,Dynamic Programming,0.2,20,12,54,3000054,2000054,1,49,52.0,0,9,35,2.45,1.3123008102411404e-05
dp,Dynamic Programming,0.2,10,12,54,3000054,2000054,1,49,52.0,0,9,35,4.9,1.3123008102411404e-05
dp,Dynamic Programming,0.2,5,12,54,3000054,2000054,1,49,52.0,0,9,35,9.8,1.3123008102411404e-05
dp,Dynamic Programming,0.2,2,12,54,3000054,2000054,1,49,52.0,0,9,35,24.5,1.3123008102411404e-05
dp,Dynamic Programming,0.2,1,12,54,3000054,2000054,1,49,52.0,0,9,35,49.0,1.3123008102411404e-05
dp,Dynamic Programming,0.2,20,13,55,3000055,2000055,1,53,48.0,0,13,35,2.65,1.3785029295831919e-05
dp,Dynamic Programming,0.2,10,13,55,3000055,2000055,1,53,48.0,0,13,35,5.3,1.3785029295831919e-05
dp,Dynamic Programming,0.2,5,13,55,3000055,2000055,1,53,48.0,0,13,35,10.6,1.3785029295831919e-05
dp,Dynamic Programming,0.2,2,13,55,3000055,2000055,1,53,48.0,0,13,35,26.5,1.3785029295831919e-05
dp,Dynamic Programming,0.2,1,13,55,3000055,2000055,1,53,48.0,0,13,35,53.0,1.3785029295831919e-05
dp,Dynamic Programming,0.2,20,14,56,3000056,2000056,1,49,52.0,0,9,35,2.45,1.2830987543566152e-05
dp,Dynamic Programming,0.2,10,14,56,3000056,2000056,1,49,52.0,0,9,35,4.9,1.2830987543566152e-05
dp,Dynamic Programming,0.2,5,14,56,3000056,2000056,1,49,52.0,0,9,35,9.8,1.2830987543566152e-05
dp,Dynamic Programming,0.2,2,14,56,3000056,2000056,1,49,52.0,0,9,35,24.5,1.2830987543566152e-05
dp,Dynamic Programming,0.2,1,14,56,3000056,2000056,1,49,52.0,0,9,35,49.0,1.2830987543566152e-05
dp,Dynamic Programming,0.2,20,15,57,3000057,2000057,1,40,61.0,0,3,35,2.0,1.0327970812795684e-05
dp,Dynamic Programming,0.2,10,15,57,3000057,2000057,1,40,61.0,0,3,35,4.0,1.0327970812795684e-05
dp,Dynamic Programming,0.2,5,15,57,3000057,2000057,1,40,61.0,0,3,35,8.0,1.0327970812795684e-05
dp,Dynamic Programming,0.2,2,15,57,3000057,2000057,1,40,61.0,0,3,35,20.0,1.0327970812795684e-05
dp,Dynamic Programming,0.2,1,15,57,3000057,2000057,1,40,61.0,0,3,35,40.0,1.0327970812795684e-05
dp,Dynamic Programming,0.2,20,16,58,3000058,2000058,1,43,58.0,0,6,35,2.15,1.1459986126283184e-05
dp,Dynamic Programming,0.2,10,16,58,3000058,2000058,1,43,58.0,0,6,35,4.3,1.1459986126283184e-05
dp,Dynamic Programming,0.2,5,16,58,3000058,2000058,1,43,58.0,0,6,35,8.6,1.1459986126283184e-05
dp,Dynamic Programming,0.2,2,16,58,3000058,2000058,1,43,58.0,0,6,35,21.5,1.1459986126283184e-05
dp,Dynamic Programming,0.2,1,16,58,3000058,2000058,1,43,58.0,0,6,35,43.0,1.1459986126283184e-05
dp,Dynamic Programming,0.2,20,17,59,3000059,2000059,1,63,38.0,0,21,35,3.15,1.6042999050114304e-05
dp,Dynamic Programming,0.2,10,17,59,3000059,2000059,1,63,38.0,0,21,35,6.3,1.6042999050114304e-05
dp,Dynamic Programming,0.2,5,17,59,3000059,2000059,1,63,38.0,0,21,35,12.6,1.6042999050114304e-05
dp,Dynamic Programming,0.2,2,17,59,3000059,2000059,1,63,38.0,0,21,35,31.5,1.6042999050114304e-05
dp,Dynamic Programming,0.2,1,17,59,3000059,2000059,1,63,38.0,0,21,35,63.0,1.6042999050114304e-05
dp,Dynamic Programming,0.2,20,18,60,3000060,2000060,1,66,35.0,0,20,40,3.3,1.654200241318904e-05
dp,Dynamic Programming,0.2,10,18,60,3000060,2000060,1,66,35.0,0,20,40,6.6,1.654200241318904e-05
dp,Dynamic Programming,0.2,5,18,60,3000060,2000060,1,66,35.0,0,20,40,13.2,1.654200241318904e-05
dp,Dynamic Programming,0.2,2,18,60,3000060,2000060,1,66,35.0,0,20,40,33.0,1.654200241318904e-05
dp,Dynamic Programming,0.2,1,18,60,3000060,2000060,1,66,35.0,0,20,40,66.0,1.654200241318904e-05
dp,Dynamic Programming,0.2,20,19,61,3000061,2000061,1,44,57.0,0,8,35,2.2,1.1707998055499047e-05
dp,Dynamic Programming,0.2,10,19,61,3000061,2000061,1,44,57.0,0,8,35,4.4,1.1707998055499047e-05
dp,Dynamic Programming,0.2,5,19,61,3000061,2000061,1,44,57.0,0,8,35,8.8,1.1707998055499047e-05
dp,Dynamic Programming,0.2,2,19,61,3000061,2000061,1,44,57.0,0,8,35,22.0,1.1707998055499047e-05
dp,Dynamic Programming,0.2,1,19,61,3000061,2000061,1,44,57.0,0,8,35,44.0,1.1707998055499047e-05
dp,Dynamic Programming,0.2,20,20,62,3000062,2000062,1,59,42.0,0,15,37,2.95,1.512301605544053e-05
dp,Dynamic Programming,0.2,10,20,62,3000062,2000062,1,59,42.0,0,15,37,5.9,1.512301605544053e-05
dp,Dynamic Programming,0.2,5,20,62,3000062,2000062,1,59,42.0,0,15,37,11.8,1.512301605544053e-05
dp,Dynamic Programming,0.2,2,20,62,3000062,2000062,1,59,42.0,0,15,37,29.5,1.512301605544053e-05
dp,Dynamic Programming,0.2,1,20,62,3000062,2000062,1,59,42.0,0,15,37,59.0,1.512301605544053e-05
dp,Dynamic Programming,0.2,20,21,63,3000063,2000063,1,54,47.0,0,13,35,2.7,1.4160996215650812e-05
dp,Dynamic Programming,0.2,10,21,63,3000063,2000063,1,54,47.0,0,13,35,5.4,1.4160996215650812e-05
dp,Dynamic Programming,0.2,5,21,63,3000063,2000063,1,54,47.0,0,13,35,10.8,1.4160996215650812e-05
dp,Dynamic Programming,0.2,2,21,63,3000063,2000063,1,54,47.0,0,13,35,27.0,1.4160996215650812e-05
dp,Dynamic Programming,0.2,1,21,63,3000063,2000063,1,54,47.0,0,13,35,54.0,1.4160996215650812e-05
dp,Dynamic Programming,0.2,20,22,64,3000064,2000064,1,41,60.0,0,5,35,2.05,1.0915988241322339e-05
dp,Dynamic Programming,0.2,10,22,64,3000064,2000064,1,41,60.0,0,5,35,4.1,1.0915988241322339e-05
dp,Dynamic Programming,0.2,5,22,64,3000064,2000064,1,41,60.0,0,5,35,8.2,1.0915988241322339e-05
dp,Dynamic Programming,0.2,2,22,64,3000064,2000064,1,41,60.0,0,5,35,20.5,1.0915988241322339e-05
dp,Dynamic Programming,0.2,1,22,64,3000064,2000064,1,41,60.0,0,5,35,41.0,1.0915988241322339e-05
dp,Dynamic Programming,0.2,20,23,65,3000065,2000065,1,55,46.0,0,13,35,2.75,1.3915003364672884e-05
dp,Dynamic Programming,0.2,10,23,65,3000065,2000065,1,55,46.0,0,13,35,5.5,1.3915003364672884e-05
dp,Dynamic Programming,0.2,5,23,65,3000065,2000065,1,55,46.0,0,13,35,11.0,1.3915003364672884e-05
dp,Dynamic Programming,0.2,2,23,65,3000065,2000065,1,55,46.0,0,13,35,27.5,1.3915003364672884e-05
dp,Dynamic Programming,0.2,1,23,65,3000065,2000065,1,55,46.0,0,13,35,55.0,1.3915003364672884e-05
dp,Dynamic Programming,0.2,20,24,66,3000066,2000066,1,44,57.0,0,6,37,2.2,1.1581996659515426e-05
dp,Dynamic Programming,0.2,10,24,66,3000066,2000066,1,44,57.0,0,6,37,4.4,1.1581996659515426e-05
dp,Dynamic Programming,0.2,5,24,66,3000066,2000066,1,44,57.0,0,6,37,8.8,1.1581996659515426e-05
dp,Dynamic Programming,0.2,2,24,66,3000066,2000066,1,44,57.0,0,6,37,22.0,1.1581996659515426e-05
dp,Dynamic Programming,0.2,1,24,66,3000066,2000066,1,44,57.0,0,6,37,44.0,1.1581996659515426e-05
dp,Dynamic Programming,0.2,20,25,67,3000067,2000067,1,49,52.0,0,11,35,2.45,1.3084958482068032e-05
dp,Dynamic Programming,0.2,10,25,67,3000067,2000067,1,49,52.0,0,11,35,4.9,1.3084958482068032e-05
dp,Dynamic Programming,0.2,5,25,67,3000067,2000067,1,49,52.0,0,11,35,9.8,1.3084958482068032e-05
dp,Dynamic Programming,0.2,2,25,67,3000067,2000067,1,49,52.0,0,11,35,24.5,1.3084958482068032e-05
dp,Dynamic Programming,0.2,1,25,67,3000067,2000067,1,49,52.0,0,11,35,49.0,1.3084958482068032e-05
dp,Dynamic Programming,0.2,20,26,68,3000068,2000068,1,51,50.0,0,10,37,2.55,1.2958003935636953e-05
dp,Dynamic Programming,0.2,10,26,68,3000068,2000068,1,51,50.0,0,10,37,5.1,1.2958003935636953e-05
dp,Dynamic Programming,0.2,5,26,68,3000068,2000068,1,51,50.0,0,10,37,10.2,1.2958003935636953e-05
dp,Dynamic Programming,0.2,2,26,68,3000068,2000068,1,51,50.0,0,10,37,25.5,1.2958003935636953e-05
dp,Dynamic Programming,0.2,1,26,68,3000068,2000068,1,51,50.0,0,10,37,51.0,1.2958003935636953e-05
dp,Dynamic Programming,0.2,20,27,69,3000069,2000069,1,56,41.0,1,12,39,2.8,1.4705994544783607e-05
dp,Dynamic Programming,0.2,10,27,69,3000069,2000069,1,56,41.0,1,12,39,5.6,1.4705994544783607e-05
dp,Dynamic Programming,0.2,5,27,69,3000069,2000069,1,56,41.0,1,12,39,11.2,1.4705994544783607e-05
dp,Dynamic Programming,0.2,2,27,69,3000069,2000069,1,56,41.0,1,12,39,28.0,1.4705994544783607e-05
dp,Dynamic Programming,0.2,1,27,69,3000069,2000069,1,56,41.0,1,12,39,56.0,1.4705994544783607e-05
dp,Dynamic Programming,0.2,20,28,70,3000070,2000070,1,53,48.0,0,11,35,2.65,1.3873988791601732e-05
dp,Dynamic Programming,0.2,10,28,70,3000070,2000070,1,53,48.0,0,11,35,5.3,1.3873988791601732e-05
dp,Dynamic Programming,0.2,5,28,70,3000070,2000070,1,53,48.0,0,11,35,10.6,1.3873988791601732e-05
dp,Dynamic Programming,0.2,2,28,70,3000070,2000070,1,53,48.0,0,11,35,26.5,1.3873988791601732e-05
dp,Dynamic Programming,0.2,1,28,70,3000070,2000070,1,53,48.0,0,11,35,53.0,1.3873988791601732e-05
dp,Dynamic Programming,0.2,20,29,71,3000071,2000071,1,54,47.0,0,12,35,2.7,1.4200995792634785e-05
dp,Dynamic Programming,0.2,10,29,71,3000071,2000071,1,54,47.0,0,12,35,5.4,1.4200995792634785e-05
dp,Dynamic Programming,0.2,5,29,71,3000071,2000071,1,54,47.0,0,12,35,10.8,1.4200995792634785e-05
dp,Dynamic Programming,0.2,2,29,71,3000071,2000071,1,54,47.0,0,12,35,27.0,1.4200995792634785e-05
dp,Dynamic Programming,0.2,1,29,71,3000071,2000071,1,54,47.0,0,12,35,54.0,1.4200995792634785e-05
dp,Dynamic Programming,0.3,20,0,42,4000042,2000042,1,61,40.0,0,18,35,3.05,1.6161982784979045e-05
dp,Dynamic Programming,0.3,10,0,42,4000042,2000042,1,61,40.0,0,18,35,6.1,1.6161982784979045e-05
dp,Dynamic Programming,0.3,5,0,42,4000042,2000042,1,61,40.0,0,18,35,12.2,1.6161982784979045e-05
dp,Dynamic Programming,0.3,2,0,42,4000042,2000042,1,61,40.0,0,18,35,30.5,1.6161982784979045e-05
dp,Dynamic Programming,0.3,1,0,42,4000042,2000042,1,61,40.0,0,18,35,61.0,1.6161982784979045e-05
dp,Dynamic Programming,0.3,20,1,43,4000043,2000043,1,57,44.0,0,15,35,2.85,1.4376004401128739e-05
dp,Dynamic Programming,0.3,10,1,43,4000043,2000043,1,57,44.0,0,15,35,5.7,1.4376004401128739e-05
dp,Dynamic Programming,0.3,5,1,43,4000043,2000043,1,57,44.0,0,15,35,11.4,1.4376004401128739e-05
dp,Dynamic Programming,0.3,2,1,43,4000043,2000043,1,57,44.0,0,15,35,28.5,1.4376004401128739e-05
dp,Dynamic Programming,0.3,1,1,43,4000043,2000043,1,57,44.0,0,15,35,57.0,1.4376004401128739e-05
dp,Dynamic Programming,0.3,20,2,44,4000044,2000044,1,65,32.0,1,20,38,3.25,1.6496996977366507e-05
dp,Dynamic Programming,0.3,10,2,44,4000044,2000044,1,65,32.0,1,20,38,6.5,1.6496996977366507e-05
dp,Dynamic Programming,0.3,5,2,44,4000044,2000044,1,65,32.0,1,20,38,13.0,1.6496996977366507e-05
dp,Dynamic Programming,0.3,2,2,44,4000044,2000044,1,65,32.0,1,20,38,32.5,1.6496996977366507e-05
dp,Dynamic Programming,0.3,1,2,44,4000044,2000044,1,65,32.0,1,20,38,65.0,1.6496996977366507e-05
dp,Dynamic Programming,0.3,20,3,45,4000045,2000045,1,53,36.0,3,14,37,2.65,1.3746001059189439e-05
dp,Dynamic Programming,0.3,10,3,45,4000045,2000045,1,53,36.0,3,14,37,5.3,1.3746001059189439e-05
dp,Dynamic Programming,0.3,5,3,45,4000045,2000045,1,53,36.0,3,14,37,10.6,1.3746001059189439e-05
dp,Dynamic Programming,0.3,2,3,45,4000045,2000045,1,53,36.0,3,14,37,26.5,1.3746001059189439e-05
dp,Dynamic Programming,0.3,1,3,45,4000045,2000045,1,53,36.0,3,14,37,53.0,1.3746001059189439e-05
dp,Dynamic Programming,0.3,20,4,46,4000046,2000046,1,59,38.0,1,16,37,2.95,1.5077999705681577e-05
dp,Dynamic Programming,0.3,10,4,46,4000046,2000046,1,59,38.0,1,16,37,5.9,1.5077999705681577e-05
dp,Dynamic Programming,0.3,5,4,46,4000046,2000046,1,59,38.0,1,16,37,11.8,1.5077999705681577e-05
dp,Dynamic Programming,0.3,2,4,46,4000046,2000046,1,59,38.0,1,16,37,29.5,1.5077999705681577e-05
dp,Dynamic Programming,0.3,1,4,46,4000046,2000046,1,59,38.0,1,16,37,59.0,1.5077999705681577e-05
dp,Dynamic Programming,0.3,20,5,47,4000047,2000047,1,69,32.0,0,23,39,3.45,1.7867987480713055e-05
dp,Dynamic Programming,0.3,10,5,47,4000047,2000047,1,69,32.0,0,23,39,6.9,1.7867987480713055e-05
dp,Dynamic Programming,0.3,5,5,47,4000047,2000047,1,69,32.0,0,23,39,13.8,1.7867987480713055e-05
dp,Dynamic Programming,0.3,2,5,47,4000047,2000047,1,69,32.0,0,23,39,34.5,1.7867987480713055e-05
dp,Dynamic Programming,0.3,1,5,47,4000047,2000047,1,69,32.0,0,23,39,69.0,1.7867987480713055e-05
dp,Dynamic Programming,0.3,20,6,48,4000048,2000048,1,78,23.0,0,28,38,3.9,2.049597242148593e-05
dp,Dynamic Programming,0.3,10,6,48,4000048,2000048,1,78,23.0,0,28,38,7.8,2.049597242148593e-05
dp,Dynamic Programming,0.3,5,6,48,4000048,2000048,1,78,23.0,0,28,38,15.6,2.049597242148593e-05
dp,Dynamic Programming,0.3,2,6,48,4000048,2000048,1,78,23.0,0,28,38,39.0,2.049597242148593e-05
dp,Dynamic Programming,0.3,1,6,48,4000048,2000048,1,78,23.0,0,28,38,78.0,2.049597242148593e-05
dp,Dynamic Programming,0.3,20,7,49,4000049,2000049,1,63,38.0,0,18,35,3.15,1.6660967958159745e-05
dp,Dynamic Programming,0.3,10,7,49,4000049,2000049,1,63,38.0,0,18,35,6.3,1.6660967958159745e-05
dp,Dynamic Programming,0.3,5,7,49,4000049,2000049,1,63,38.0,0,18,35,12.6,1.6660967958159745e-05
dp,Dynamic Programming,0.3,2,7,49,4000049,2000049,1,63,38.0,0,18,35,31.5,1.6660967958159745e-05
dp,Dynamic Programming,0.3,1,7,49,4000049,2000049,1,63,38.0,0,18,35,63.0,1.6660967958159745e-05
dp,Dynamic Programming,0.3,20,8,50,4000050,2000050,1,50,51.0,0,12,35,2.5,1.2584961950778961e-05
dp,Dynamic Programming,0.3,10,8,50,4000050,2000050,1,50,51.0,0,12,35,5.0,1.2584961950778961e-05
dp,Dynamic Programming,0.3,5,8,50,4000050,2000050,1,50,51.0,0,12,35,10.0,1.2584961950778961e-05
dp,Dynamic Programming,0.3,2,8,50,4000050,2000050,1,50,51.0,0,12,35,25.0,1.2584961950778961e-05
dp,Dynamic Programming,0.3,1,8,50,4000050,2000050,1,50,51.0,0,12,35,50.0,1.2584961950778961e-05
dp,Dynamic Programming,0.3,20,9,51,4000051,2000051,1,61,40.0,0,20,35,3.05,1.633297506486997e-05
dp,Dynamic Programming,0.3,10,9,51,4000051,2000051,1,61,40.0,0,20,35,6.1,1.633297506486997e-05
dp,Dynamic Programming,0.3,5,9,51,4000051,2000051,1,61,40.0,0,20,35,12.2,1.633297506486997e-05
dp,Dynamic Programming,0.3,2,9,51,4000051,2000051,1,61,40.0,0,20,35,30.5,1.633297506486997e-05
dp,Dynamic Programming,0.3,1,9,51,4000051,2000051,1,61,40.0,0,20,35,61.0,1.633297506486997e-05
dp,Dynamic Programming,0.3,20,10,52,4000052,2000052,1,73,28.0,0,23,37,3.65,1.9032024283660576e-05
dp,Dynamic Programming,0.3,10,10,52,4000052,2000052,1,73,28.0,0,23,37,7.3,1.9032024283660576e-05
dp,Dynamic Programming,0.3,5,10,52,4000052,2000052,1,73,28.0,0,23,37,14.6,1.9032024283660576e-05
dp,Dynamic Programming,0.3,2,10,52,4000052,2000052,1,73,28.0,0,23,37,36.5,1.9032024283660576e-05
dp,Dynamic Programming,0.3,1,10,52,4000052,2000052,1,73,28.0,0,23,37,73.0,1.9032024283660576e-05
dp,Dynamic Programming,0.3,20,11,53,4000053,2000053,1,69,32.0,0,22,38,3.45,1.807900844141841e-05
dp,Dynamic Programming,0.3,10,11,53,4000053,2000053,1,69,32.0,0,22,38,6.9,1.807900844141841e-05
dp,Dynamic Programming,0.3,5,11,53,4000053,2000053,1,69,32.0,0,22,38,13.8,1.807900844141841e-05
dp,Dynamic Programming,0.3,2,11,53,4000053,2000053,1,69,32.0,0,22,38,34.5,1.807900844141841e-05
dp,Dynamic Programming,0.3,1,11,53,4000053,2000053,1,69,32.0,0,22,38,69.0,1.807900844141841e-05
dp,Dynamic Programming,0.3,20,12,54,4000054,2000054,1,61,40.0,0,17,38,3.05,1.5584028005832806e-05
dp,Dynamic Programming,0.3,10,12,54,4000054,2000054,1,61,40.0,0,17,38,6.1,1.5584028005832806e-05
dp,Dynamic Programming,0.3,5,12,54,4000054,2000054,1,61,40.0,0,17,38,12.2,1.5584028005832806e-05
dp,Dynamic Programming,0.3,2,12,54,4000054,2000054,1,61,40.0,0,17,38,30.5,1.5584028005832806e-05
dp,Dynamic Programming,0.3,1,12,54,4000054,2000054,1,61,40.0,0,17,38,61.0,1.5584028005832806e-05
dp,Dynamic Programming,0.3,20,13,55,4000055,2000055,1,53,48.0,0,15,37,2.65,1.3911023415857926e-05
dp,Dynamic Programming,0.3,10,13,55,4000055,2000055,1,53,48.0,0,15,37,5.3,1.3911023415857926e-05
dp,Dynamic Programming,0.3,5,13,55,4000055,2000055,1,53,48.0,0,15,37,10.6,1.3911023415857926e-05
dp,Dynamic Programming,0.3,2,13,55,4000055,2000055,1,53,48.0,0,15,37,26.5,1.3911023415857926e-05
dp,Dynamic Programming,0.3,1,13,55,4000055,2000055,1,53,48.0,0,15,37,53.0,1.3911023415857926e-05
dp,Dynamic Programming,0.3,20,14,56,4000056,2000056,1,63,38.0,0,19,35,3.15,1.612102278159e-05
dp,Dynamic Programming,0.3,10,14,56,4000056,2000056,1,63,38.0,0,19,35,6.3,1.612102278159e-05
dp,Dynamic Programming,0.3,5,14,56,4000056,2000056,1,63,38.0,0,19,35,12.6,1.612102278159e-05
dp,Dynamic Programming,0.3,2,14,56,4000056,2000056,1,63,38.0,0,19,35,31.5,1.612102278159e-05
dp,Dynamic Programming,0.3,1,14,56,4000056,2000056,1,63,38.0,0,19,35,63.0,1.612102278159e-05
dp,Dynamic Programming,0.3,20,15,57,4000057,2000057,1,47,54.0,0,9,35,2.35,1.2336004147073254e-05
dp,Dynamic Programming,0.3,10,15,57,4000057,2000057,1,47,54.0,0,9,35,4.7,1.2336004147073254e-05
dp,Dynamic Programming,0.3,5,15,57,4000057,2000057,1,47,54.0,0,9,35,9.4,1.2336004147073254e-05
dp,Dynamic Programming,0.3,2,15,57,4000057,2000057,1,47,54.0,0,9,35,23.5,1.2336004147073254e-05
dp,Dynamic Programming,0.3,1,15,57,4000057,2000057,1,47,54.0,0,9,35,47.0,1.2336004147073254e-05
dp,Dynamic Programming,0.3,20,16,58,4000058,2000058,1,46,55.0,0,6,35,2.3,1.1832016753032804e-05
dp,Dynamic Programming,0.3,10,16,58,4000058,2000058,1,46,55.0,0,6,35,4.6,1.1832016753032804e-05
dp,Dynamic Programming,0.3,5,16,58,4000058,2000058,1,46,55.0,0,6,35,9.2,1.1832016753032804e-05
dp,Dynamic Programming,0.3,2,16,58,4000058,2000058,1,46,55.0,0,6,35,23.0,1.1832016753032804e-05
dp,Dynamic Programming,0.3,1,16,58,4000058,2000058,1,46,55.0,0,6,35,46.0,1.1832016753032804e-05
dp,Dynamic Programming,0.3,20,17,59,4000059,2000059,1,60,41.0,0,17,37,3.0,1.5204972442006692e-05
dp,Dynamic Programming,0.3,10,17,59,4000059,2000059,1,60,41.0,0,17,37,6.0,1.5204972442006692e-05
dp,Dynamic Programming,0.3,5,17,59,4000059,2000059,1,60,41.0,0,17,37,12.0,1.5204972442006692e-05
dp,Dynamic Programming,0.3,2,17,59,4000059,2000059,1,60,41.0,0,17,37,30.0,1.5204972442006692e-05
dp,Dynamic Programming,0.3,1,17,59,4000059,2000059,1,60,41.0,0,17,37,60.0,1.5204972442006692e-05
dp,Dynamic Programming,0.3,20,18,60,4000060,2000060,1,60,41.0,0,19,35,3.0,1.583098855917342e-05
dp,Dynamic Programming,0.3,10,18,60,4000060,2000060,1,60,41.0,0,19,35,6.0,1.583098855917342e-05
dp,Dynamic Programming,0.3,5,18,60,4000060,2000060,1,60,41.0,0,19,35,12.0,1.583098855917342e-05
dp,Dynamic Programming,0.3,2,18,60,4000060,2000060,1,60,41.0,0,19,35,30.0,1.583098855917342e-05
dp,Dynamic Programming,0.3,1,18,60,4000060,2000060,1,60,41.0,0,19,35,60.0,1.583098855917342e-05
dp,Dynamic Programming,0.3,20,19,61,4000061,2000061,1,49,52.0,0,9,37,2.45,1.2748012522934005e-05
dp,Dynamic Programming,0.3,10,19,61,4000061,2000061,1,49,52.0,0,9,37,4.9,1.2748012522934005e-05
dp,Dynamic Programming,0.3,5,19,61,4000061,2000061,1,49,52.0,0,9,37,9.8,1.2748012522934005e-05
dp,Dynamic Programming,0.3,2,19,61,4000061,2000061,1,49,52.0,0,9,37,24.5,1.2748012522934005e-05
dp,Dynamic Programming,0.3,1,19,61,4000061,2000061,1,49,52.0,0,9,37,49.0,1.2748012522934005e-05
dp,Dynamic Programming,0.3,20,20,62,4000062,2000062,1,77,24.0,0,28,39,3.85,1.987400173675269e-05
dp,Dynamic Programming,0.3,10,20,62,4000062,2000062,1,77,24.0,0,28,39,7.7,1.987400173675269e-05
dp,Dynamic Programming,0.3,5,20,62,4000062,2000062,1,77,24.0,0,28,39,15.4,1.987400173675269e-05
dp,Dynamic Programming,0.3,2,20,62,4000062,2000062,1,77,24.0,0,28,39,38.5,1.987400173675269e-05
dp,Dynamic Programming,0.3,1,20,62,4000062,2000062,1,77,24.0,0,28,39,77.0,1.987400173675269e-05
dp,Dynamic Programming,0.3,20,21,63,4000063,2000063,1,65,36.0,0,19,37,3.25,1.695600076345727e-05
dp,Dynamic Programming,0.3,10,21,63,4000063,2000063,1,65,36.0,0,19,37,6.5,1.695600076345727e-05
dp,Dynamic Programming,0.3,5,21,63,4000063,2000063,1,65,36.0,0,19,37,13.0,1.695600076345727e-05
dp,Dynamic Programming,0.3,2,21,63,4000063,2000063,1,65,36.0,0,19,37,32.5,1.695600076345727e-05
dp,Dynamic Programming,0.3,1,21,63,4000063,2000063,1,65,36.0,0,19,37,65.0,1.695600076345727e-05
dp,Dynamic Programming,0.3,20,22,64,4000064,2000064,1,61,40.0,0,20,35,3.05,1.5746012650197372e-05
dp,Dynamic Programming,0.3,10,22,64,4000064,2000064,1,61,40.0,0,20,35,6.1,1.5746012650197372e-05
dp,Dynamic Programming,0.3,5,22,64,4000064,2000064,1,61,40.0,0,20,35,12.2,1.5746012650197372e-05
dp,Dynamic Programming,0.3,2,22,64,4000064,2000064,1,61,40.0,0,20,35,30.5,1.5746012650197372e-05
dp,Dynamic Programming,0.3,1,22,64,4000064,2000064,1,61,40.0,0,20,35,61.0,1.5746012650197372e-05
dp,Dynamic Programming,0.3,20,23,65,4000065,2000065,1,69,32.0,0,24,38,3.45,1.7541980923851952e-05
dp,Dynamic Programming,0.3,10,23,65,4000065,2000065,1,69,32.0,0,24,38,6.9,1.7541980923851952e-05
dp,Dynamic Programming,0.3,5,23,65,4000065,2000065,1,69,32.0,0,24,38,13.8,1.7541980923851952e-05
dp,Dynamic Programming,0.3,2,23,65,4000065,2000065,1,69,32.0,0,24,38,34.5,1.7541980923851952e-05
dp,Dynamic Programming,0.3,1,23,65,4000065,2000065,1,69,32.0,0,24,38,69.0,1.7541980923851952e-05
dp,Dynamic Programming,0.3,20,24,66,4000066,2000066,1,76,25.0,0,30,37,3.8,1.9660987163661048e-05
dp,Dynamic Programming,0.3,10,24,66,4000066,2000066,1,76,25.0,0,30,37,7.6,1.9660987163661048e-05
dp,Dynamic Programming,0.3,5,24,66,4000066,2000066,1,76,25.0,0,30,37,15.2,1.9660987163661048e-05
dp,Dynamic Programming,0.3,2,24,66,4000066,2000066,1,76,25.0,0,30,37,38.0,1.9660987163661048e-05
dp,Dynamic Programming,0.3,1,24,66,4000066,2000066,1,76,25.0,0,30,37,76.0,1.9660987163661048e-05
dp,Dynamic Programming,0.3,20,25,67,4000067,2000067,1,63,34.0,1,17,39,3.15,1.637404056964442e-05
dp,Dynamic Programming,0.3,10,25,67,4000067,2000067,1,63,34.0,1,17,39,6.3,1.637404056964442e-05
dp,Dynamic Programming,0.3,5,25,67,4000067,2000067,1,63,34.0,1,17,39,12.6,1.637404056964442e-05
dp,Dynamic Programming,0.3,2,25,67,4000067,2000067,1,63,34.0,1,17,39,31.5,1.637404056964442e-05
dp,Dynamic Programming,0.3,1,25,67,4000067,2000067,1,63,34.0,1,17,39,63.0,1.637404056964442e-05
dp,Dynamic Programming,0.3,20,26,68,4000068,2000068,1,81,16.0,1,31,37,4.05,2.041303741862066e-05
dp,Dynamic Programming,0.3,10,26,68,4000068,2000068,1,81,16.0,1,31,37,8.1,2.041303741862066e-05
dp,Dynamic Programming,0.3,5,26,68,4000068,2000068,1,81,16.0,1,31,37,16.2,2.041303741862066e-05
dp,Dynamic Programming,0.3,2,26,68,4000068,2000068,1,81,16.0,1,31,37,40.5,2.041303741862066e-05
dp,Dynamic Programming,0.3,1,26,68,4000068,2000068,1,81,16.0,1,31,37,81.0,2.041303741862066e-05
dp,Dynamic Programming,0.3,20,27,69,4000069,2000069,1,52,49.0,0,14,35,2.6,1.337400681222789e-05
dp,Dynamic Programming,0.3,10,27,69,4000069,2000069,1,52,49.0,0,14,35,5.2,1.337400681222789e-05
dp,Dynamic Programming,0.3,5,27,69,4000069,2000069,1,52,49.0,0,14,35,10.4,1.337400681222789e-05
dp,Dynamic Programming,0.3,2,27,69,4000069,2000069,1,52,49.0,0,14,35,26.0,1.337400681222789e-05
dp,Dynamic Programming,0.3,1,27,69,4000069,2000069,1,52,49.0,0,14,35,52.0,1.337400681222789e-05
dp,Dynamic Programming,0.3,20,28,70,4000070,2000070,1,67,34.0,0,23,35,3.35,1.7413007299182937e-05
dp,Dynamic Programming,0.3,10,28,70,4000070,2000070,1,67,34.0,0,23,35,6.7,1.7413007299182937e-05
dp,Dynamic Programming,0.3,5,28,70,4000070,2000070,1,67,34.0,0,23,35,13.4,1.7413007299182937e-05
dp,Dynamic Programming,0.3,2,28,70,4000070,2000070,1,67,34.0,0,23,35,33.5,1.7413007299182937e-05
dp,Dynamic Programming,0.3,1,28,70,4000070,2000070,1,67,34.0,0,23,35,67.0,1.7413007299182937e-05
dp,Dynamic Programming,0.3,20,29,71,4000071,2000071,1,55,46.0,0,14,35,2.75,1.403901114827022e-05
dp,Dynamic Programming,0.3,10,29,71,4000071,2000071,1,55,46.0,0,14,35,5.5,1.403901114827022e-05
dp,Dynamic Programming,0.3,5,29,71,4000071,2000071,1,55,46.0,0,14,35,11.0,1.403901114827022e-05
dp,Dynamic Programming,0.3,2,29,71,4000071,2000071,1,55,46.0,0,14,35,27.5,1.403901114827022e-05
dp,Dynamic Programming,0.3,1,29,71,4000071,2000071,1,55,46.0,0,14,35,55.0,1.403901114827022e-05
dp,Dynamic Programming,0.4,20,0,42,5000042,2000042,1,118,-17.0,0,54,47,5.9,3.011698936461471e-05
dp,Dynamic Programming,0.4,10,0,42,5000042,2000042,1,118,-17.0,0,54,47,11.8,3.011698936461471e-05
dp,Dynamic Programming,0.4,5,0,42,5000042,2000042,1,118,-17.0,0,54,47,23.6,3.011698936461471e-05
dp,Dynamic Programming,0.4,2,0,42,5000042,2000042,1,118,-17.0,0,54,47,59.0,3.011698936461471e-05
dp,Dynamic Programming,0.4,1,0,42,5000042,2000042,1,118,-17.0,0,54,47,118.0,3.011698936461471e-05
dp,Dynamic Programming,0.4,20,1,43,5000043,2000043,1,127,-26.0,0,58,45,6.35,3.2863998058019206e-05
dp,Dynamic Programming,0.4,10,1,43,5000043,2000043,1,127,-26.0,0,58,45,12.7,3.2863998058019206e-05
dp,Dynamic Programming,0.4,5,1,43,5000043,2000043,1,127,-26.0,0,58,45,25.4,3.2863998058019206e-05
dp,Dynamic Programming,0.4,2,1,43,5000043,2000043,1,127,-26.0,0,58,45,63.5,3.2863998058019206e-05
dp,Dynamic Programming,0.4,1,1,43,5000043,2000043,1,127,-26.0,0,58,45,127.0,3.2863998058019206e-05
dp,Dynamic Programming,0.4,20,2,44,5000044,2000044,1,61,40.0,0,22,35,3.05,1.5411016647703946e-05
dp,Dynamic Programming,0.4,10,2,44,5000044,2000044,1,61,40.0,0,22,35,6.1,1.5411016647703946e-05
dp,Dynamic Programming,0.4,5,2,44,5000044,2000044,1,61,40.0,0,22,35,12.2,1.5411016647703946e-05
dp,Dynamic Programming,0.4,2,2,44,5000044,2000044,1,61,40.0,0,22,35,30.5,1.5411016647703946e-05
dp,Dynamic Programming,0.4,1,2,44,5000044,2000044,1,61,40.0,0,22,35,61.0,1.5411016647703946e-05
dp,Dynamic Programming,0.4,20,3,45,5000045,2000045,1,81,20.0,0,37,35,4.05,2.0996016246499494e-05
dp,Dynamic Programming,0.4,10,3,45,5000045,2000045,1,81,20.0,0,37,35,8.1,2.0996016246499494e-05
dp,Dynamic Programming,0.4,5,3,45,5000045,2000045,1,81,20.0,0,37,35,16.2,2.0996016246499494e-05
dp,Dynamic Programming,0.4,2,3,45,5000045,2000045,1,81,20.0,0,37,35,40.5,2.0996016246499494e-05
dp,Dynamic Programming,0.4,1,3,45,5000045,2000045,1,81,20.0,0,37,35,81.0,2.0996016246499494e-05
dp,Dynamic Programming,0.4,20,4,46,5000046,2000046,1,95,2.0,1,40,37,4.75,2.428605148452334e-05
dp,Dynamic Programming,0.4,10,4,46,5000046,2000046,1,95,2.0,1,40,37,9.5,2.428605148452334e-05
dp,Dynamic Programming,0.4,5,4,46,5000046,2000046,1,95,2.0,1,40,37,19.0,2.428605148452334e-05
dp,Dynamic Programming,0.4,2,4,46,5000046,2000046,1,95,2.0,1,40,37,47.5,2.428605148452334e-05
dp,Dynamic Programming,0.4,1,4,46,5000046,2000046,1,95,2.0,1,40,37,95.0,2.428605148452334e-05
dp,Dynamic Programming,0.4,20,5,47,5000047,2000047,1,91,10.0,0,36,40,4.55,2.4161956389434636e-05
dp,Dynamic Programming,0.4,10,5,47,5000047,2000047,1,91,10.0,0,36,40,9.1,2.4161956389434636e-05
dp,Dynamic Programming,0.4,5,5,47,5000047,2000047,1,91,10.0,0,36,40,18.2,2.4161956389434636e-05
dp,Dynamic Programming,0.4,2,5,47,5000047,2000047,1,91,10.0,0,36,40,45.5,2.4161956389434636e-05
dp,Dynamic Programming,0.4,1,5,47,5000047,2000047,1,91,10.0,0,36,40,91.0,2.4161956389434636e-05
dp,Dynamic Programming,0.4,20,6,48,5000048,2000048,1,116,-15.0,0,53,43,5.8,3.0451021302724257e-05
dp,Dynamic Programming,0.4,10,6,48,5000048,2000048,1,116,-15.0,0,53,43,11.6,3.0451021302724257e-05
dp,Dynamic Programming,0.4,5,6,48,5000048,2000048,1,116,-15.0,0,53,43,23.2,3.0451021302724257e-05
dp,Dynamic Programming,0.4,2,6,48,5000048,2000048,1,116,-15.0,0,53,43,58.0,3.0451021302724257e-05
dp,Dynamic Programming,0.4,1,6,48,5000048,2000048,1,116,-15.0,0,53,43,116.0,3.0451021302724257e-05
dp,Dynamic Programming,0.4,20,7,49,5000049,2000049,1,78,23.0,0,37,37,3.9,2.020199826802127e-05
dp,Dynamic Programming,0.4,10,7,49,5000049,2000049,1,78,23.0,0,37,37,7.8,2.020199826802127e-05
dp,Dynamic Programming,0.4,5,7,49,5000049,2000049,1,78,23.0,0,37,37,15.6,2.020199826802127e-05
dp,Dynamic Programming,0.4,2,7,49,5000049,2000049,1,78,23.0,0,37,37,39.0,2.020199826802127e-05
dp,Dynamic Programming,0.4,1,7,49,5000049,2000049,1,78,23.0,0,37,37,78.0,2.020199826802127e-05
dp,Dynamic Programming,0.4,20,8,50,5000050,2000050,1,87,14.0,0,38,37,4.35,2.2369000362232327e-05
dp,Dynamic Programming,0.4,10,8,50,5000050,2000050,1,87,14.0,0,38,37,8.7,2.2369000362232327e-05
dp,Dynamic Programming,0.4,5,8,50,5000050,2000050,1,87,14.0,0,38,37,17.4,2.2369000362232327e-05
dp,Dynamic Programming,0.4,2,8,50,5000050,2000050,1,87,14.0,0,38,37,43.5,2.2369000362232327e-05
dp,Dynamic Programming,0.4,1,8,50,5000050,2000050,1,87,14.0,0,38,37,87.0,2.2369000362232327e-05
dp,Dynamic Programming,0.4,20,9,51,5000051,2000051,1,74,23.0,1,26,37,3.7,1.920598151627928e-05
dp,Dynamic Programming,0.4,10,9,51,5000051,2000051,1,74,23.0,1,26,37,7.4,1.920598151627928e-05
dp,Dynamic Programming,0.4,5,9,51,5000051,2000051,1,74,23.0,1,26,37,14.8,1.920598151627928e-05
dp,Dynamic Programming,0.4,2,9,51,5000051,2000051,1,74,23.0,1,26,37,37.0,1.920598151627928e-05
dp,Dynamic Programming,0.4,1,9,51,5000051,2000051,1,74,23.0,1,26,37,74.0,1.920598151627928e-05
dp,Dynamic Programming,0.4,20,10,52,5000052,2000052,1,72,29.0,0,24,37,3.6,1.853601133916527e-05
dp,Dynamic Programming,0.4,10,10,52,5000052,2000052,1,72,29.0,0,24,37,7.2,1.853601133916527e-05
dp,Dynamic Programming,0.4,5,10,52,5000052,2000052,1,72,29.0,0,24,37,14.4,1.853601133916527e-05
dp,Dynamic Programming,0.4,2,10,52,5000052,2000052,1,72,29.0,0,24,37,36.0,1.853601133916527e-05
dp,Dynamic Programming,0.4,1,10,52,5000052,2000052,1,72,29.0,0,24,37,72.0,1.853601133916527e-05
dp,Dynamic Programming,0.4,20,11,53,5000053,2000053,1,84,17.0,0,33,39,4.2,2.1206975361565128e-05
dp,Dynamic Programming,0.4,10,11,53,5000053,2000053,1,84,17.0,0,33,39,8.4,2.1206975361565128e-05
dp,Dynamic Programming,0.4,5,11,53,5000053,2000053,1,84,17.0,0,33,39,16.8,2.1206975361565128e-05
dp,Dynamic Programming,0.4,2,11,53,5000053,2000053,1,84,17.0,0,33,39,42.0,2.1206975361565128e-05
dp,Dynamic Programming,0.4,1,11,53,5000053,2000053,1,84,17.0,0,33,39,84.0,2.1206975361565128e-05
dp,Dynamic Programming,0.4,20,12,54,5000054,2000054,1,71,30.0,0,24,37,3.55,1.816101575968787e-05
dp,Dynamic Programming,0.4,10,12,54,5000054,2000054,1,71,30.0,0,24,37,7.1,1.816101575968787e-05
dp,Dynamic Programming,0.4,5,12,54,5000054,2000054,1,71,30.0,0,24,37,14.2,1.816101575968787e-05
dp,Dynamic Programming,0.4,2,12,54,5000054,2000054,1,71,30.0,0,24,37,35.5,1.816101575968787e-05
dp,Dynamic Programming,0.4,1,12,54,5000054,2000054,1,71,30.0,0,24,37,71.0,1.816101575968787e-05
dp,Dynamic Programming,0.4,20,13,55,5000055,2000055,1,83,14.0,1,31,37,4.15,2.165594560210593e-05
dp,Dynamic Programming,0.4,10,13,55,5000055,2000055,1,83,14.0,1,31,37,8.3,2.165594560210593e-05
dp,Dynamic Programming,0.4,5,13,55,5000055,2000055,1,83,14.0,1,31,37,16.6,2.165594560210593e-05
dp,Dynamic Programming,0.4,2,13,55,5000055,2000055,1,83,14.0,1,31,37,41.5,2.165594560210593e-05
dp,Dynamic Programming,0.4,1,13,55,5000055,2000055,1,83,14.0,1,31,37,83.0,2.165594560210593e-05
dp,Dynamic Programming,0.4,20,14,56,5000056,2000056,1,79,22.0,0,28,37,3.95,2.0745959773194045e-05
dp,Dynamic Programming,0.4,10,14,56,5000056,2000056,1,79,22.0,0,28,37,7.9,2.0745959773194045e-05
dp,Dynamic Programming,0.4,5,14,56,5000056,2000056,1,79,22.0,0,28,37,15.8,2.0745959773194045e-05
dp,Dynamic Programming,0.4,2,14,56,5000056,2000056,1,79,22.0,0,28,37,39.5,2.0745959773194045e-05
dp,Dynamic Programming,0.4,1,14,56,5000056,2000056,1,79,22.0,0,28,37,79.0,2.0745959773194045e-05
dp,Dynamic Programming,0.4,20,15,57,5000057,2000057,1,75,18.0,2,26,41,3.75,1.9661987607832998e-05
dp,Dynamic Programming,0.4,10,15,57,5000057,2000057,1,75,18.0,2,26,41,7.5,1.9661987607832998e-05
dp,Dynamic Programming,0.4,5,15,57,5000057,2000057,1,75,18.0,2,26,41,15.0,1.9661987607832998e-05
dp,Dynamic Programming,0.4,2,15,57,5000057,2000057,1,75,18.0,2,26,41,37.5,1.9661987607832998e-05
dp,Dynamic Programming,0.4,1,15,57,5000057,2000057,1,75,18.0,2,26,41,75.0,1.9661987607832998e-05
dp,Dynamic Programming,0.4,20,16,58,5000058,2000058,1,76,25.0,0,27,37,3.8,1.932995655806735e-05
dp,Dynamic Programming,0.4,10,16,58,5000058,2000058,1,76,25.0,0,27,37,7.6,1.932995655806735e-05
dp,Dynamic Programming,0.4,5,16,58,5000058,2000058,1,76,25.0,0,27,37,15.2,1.932995655806735e-05
dp,Dynamic Programming,0.4,2,16,58,5000058,2000058,1,76,25.0,0,27,37,38.0,1.932995655806735e-05
dp,Dynamic Programming,0.4,1,16,58,5000058,2000058,1,76,25.0,0,27,37,76.0,1.932995655806735e-05
dp,Dynamic Programming,0.4,20,17,59,5000059,2000059,1,96,5.0,0,45,42,4.8,2.50800367211923e-05
dp,Dynamic Programming,0.4,10,17,59,5000059,2000059,1,96,5.0,0,45,42,9.6,2.50800367211923e-05
dp,Dynamic Programming,0.4,5,17,59,5000059,2000059,1,96,5.0,0,45,42,19.2,2.50800367211923e-05
dp,Dynamic Programming,0.4,2,17,59,5000059,2000059,1,96,5.0,0,45,42,48.0,2.50800367211923e-05
dp,Dynamic Programming,0.4,1,17,59,5000059,2000059,1,96,5.0,0,45,42,96.0,2.50800367211923e-05
dp,Dynamic Programming,0.4,20,18,60,5000060,2000060,1,77,24.0,0,28,35,3.85,1.9706974853761494e-05
dp,Dynamic Programming,0.4,10,18,60,5000060,2000060,1,77,24.0,0,28,35,7.7,1.9706974853761494e-05
dp,Dynamic Programming,0.4,5,18,60,5000060,2000060,1,77,24.0,0,28,35,15.4,1.9706974853761494e-05
dp,Dynamic Programming,0.4,2,18,60,5000060,2000060,1,77,24.0,0,28,35,38.5,1.9706974853761494e-05
dp,Dynamic Programming,0.4,1,18,60,5000060,2000060,1,77,24.0,0,28,35,77.0,1.9706974853761494e-05
dp,Dynamic Programming,0.4,20,19,61,5000061,2000061,1,87,14.0,0,36,39,4.35,2.203898475272581e-05
dp,Dynamic Programming,0.4,10,19,61,5000061,2000061,1,87,14.0,0,36,39,8.7,2.203898475272581e-05
dp,Dynamic Programming,0.4,5,19,61,5000061,2000061,1,87,14.0,0,36,39,17.4,2.203898475272581e-05
dp,Dynamic Programming,0.4,2,19,61,5000061,2000061,1,87,14.0,0,36,39,43.5,2.203898475272581e-05
dp,Dynamic Programming,0.4,1,19,61,5000061,2000061,1,87,14.0,0,36,39,87.0,2.203898475272581e-05
dp,Dynamic Programming,0.4,20,20,62,5000062,2000062,1,90,11.0,0,40,41,4.5,2.374904215685092e-05
dp,Dynamic Programming,0.4,10,20,62,5000062,2000062,1,90,11.0,0,40,41,9.0,2.374904215685092e-05
dp,Dynamic Programming,0.4,5,20,62,5000062,2000062,1,90,11.0,0,40,41,18.0,2.374904215685092e-05
dp,Dynamic Programming,0.4,2,20,62,5000062,2000062,1,90,11.0,0,40,41,45.0,2.374904215685092e-05
dp,Dynamic Programming,0.4,1,20,62,5000062,2000062,1,90,11.0,0,40,41,90.0,2.374904215685092e-05
dp,Dynamic Programming,0.4,20,21,63,5000063,2000063,1,73,28.0,0,26,37,3.65,1.820900070015341e-05
dp,Dynamic Programming,0.4,10,21,63,5000063,2000063,1,73,28.0,0,26,37,7.3,1.820900070015341e-05
dp,Dynamic Programming,0.4,5,21,63,5000063,2000063,1,73,28.0,0,26,37,14.6,1.820900070015341e-05
dp,Dynamic Programming,0.4,2,21,63,5000063,2000063,1,73,28.0,0,26,37,36.5,1.820900070015341e-05
dp,Dynamic Programming,0.4,1,21,63,5000063,2000063,1,73,28.0,0,26,37,73.0,1.820900070015341e-05
dp,Dynamic Programming,0.4,20,22,64,5000064,2000064,1,67,34.0,0,21,37,3.35,1.7863982066046447e-05
dp,Dynamic Programming,0.4,10,22,64,5000064,2000064,1,67,34.0,0,21,37,6.7,1.7863982066046447e-05
dp,Dynamic Programming,0.4,5,22,64,5000064,2000064,1,67,34.0,0,21,37,13.4,1.7863982066046447e-05
dp,Dynamic Programming,0.4,2,22,64,5000064,2000064,1,67,34.0,0,21,37,33.5,1.7863982066046447e-05
dp,Dynamic Programming,0.4,1,22,64,5000064,2000064,1,67,34.0,0,21,37,67.0,1.7863982066046447e-05
dp,Dynamic Programming,0.4,20,23,65,5000065,2000065,1,85,12.0,1,37,40,4.25,2.1748011931777e-05
dp,Dynamic Programming,0.4,10,23,65,5000065,2000065,1,85,12.0,1,37,40,8.5,2.1748011931777e-05
dp,Dynamic Programming,0.4,5,23,65,5000065,2000065,1,85,12.0,1,37,40,17.0,2.1748011931777e-05
dp,Dynamic Programming,0.4,2,23,65,5000065,2000065,1,85,12.0,1,37,40,42.5,2.1748011931777e-05
dp,Dynamic Programming,0.4,1,23,65,5000065,2000065,1,85,12.0,1,37,40,85.0,2.1748011931777e-05
dp,Dynamic Programming,0.4,20,24,66,5000066,2000066,1,68,33.0,0,22,37,3.4,1.7831982404459268e-05
dp,Dynamic Programming,0.4,10,24,66,5000066,2000066,1,68,33.0,0,22,37,6.8,1.7831982404459268e-05
dp,Dynamic Programming,0.4,5,24,66,5000066,2000066,1,68,33.0,0,22,37,13.6,1.7831982404459268e-05
dp,Dynamic Programming,0.4,2,24,66,5000066,2000066,1,68,33.0,0,22,37,34.0,1.7831982404459268e-05
dp,Dynamic Programming,0.4,1,24,66,5000066,2000066,1,68,33.0,0,22,37,68.0,1.7831982404459268e-05
dp,Dynamic Programming,0.4,20,25,67,5000067,2000067,1,76,25.0,0,31,37,3.8,1.990896271308884e-05
dp,Dynamic Programming,0.4,10,25,67,5000067,2000067,1,76,25.0,0,31,37,7.6,1.990896271308884e-05
dp,Dynamic Programming,0.4,5,25,67,5000067,2000067,1,76,25.0,0,31,37,15.2,1.990896271308884e-05
dp,Dynamic Programming,0.4,2,25,67,5000067,2000067,1,76,25.0,0,31,37,38.0,1.990896271308884e-05
dp,Dynamic Programming,0.4,1,25,67,5000067,2000067,1,76,25.0,0,31,37,76.0,1.990896271308884e-05
dp,Dynamic Programming,0.4,20,26,68,5000068,2000068,1,92,9.0,0,43,36,4.6,2.4281016521854326e-05
dp,Dynamic Programming,0.4,10,26,68,5000068,2000068,1,92,9.0,0,43,36,9.2,2.4281016521854326e-05
dp,Dynamic Programming,0.4,5,26,68,5000068,2000068,1,92,9.0,0,43,36,18.4,2.4281016521854326e-05
dp,Dynamic Programming,0.4,2,26,68,5000068,2000068,1,92,9.0,0,43,36,46.0,2.4281016521854326e-05
dp,Dynamic Programming,0.4,1,26,68,5000068,2000068,1,92,9.0,0,43,36,92.0,2.4281016521854326e-05
dp,Dynamic Programming,0.4,20,27,69,5000069,2000069,1,78,23.0,0,29,36,3.9,1.9785966287599877e-05
dp,Dynamic Programming,0.4,10,27,69,5000069,2000069,1,78,23.0,0,29,36,7.8,1.9785966287599877e-05
dp,Dynamic Programming,0.4,5,27,69,5000069,2000069,1,78,23.0,0,29,36,15.6,1.9785966287599877e-05
dp,Dynamic Programming,0.4,2,27,69,5000069,2000069,1,78,23.0,0,29,36,39.0,1.9785966287599877e-05
dp,Dynamic Programming,0.4,1,27,69,5000069,2000069,1,78,23.0,0,29,36,78.0,1.9785966287599877e-05
dp,Dynamic Programming,0.4,20,28,70,5000070,2000070,1,70,31.0,0,24,37,3.5,1.7707981896819547e-05
dp,Dynamic Programming,0.4,10,28,70,5000070,2000070,1,70,31.0,0,24,37,7.0,1.7707981896819547e-05
dp,Dynamic Programming,0.4,5,28,70,5000070,2000070,1,70,31.0,0,24,37,14.0,1.7707981896819547e-05
dp,Dynamic Programming,0.4,2,28,70,5000070,2000070,1,70,31.0,0,24,37,35.0,1.7707981896819547e-05
dp,Dynamic Programming,0.4,1,28,70,5000070,2000070,1,70,31.0,0,24,37,70.0,1.7707981896819547e-05
dp,Dynamic Programming,0.4,20,29,71,5000071,2000071,1,73,28.0,0,25,38,3.65,1.8916016415460035e-05
dp,Dynamic Programming,0.4,10,29,71,5000071,2000071,1,73,28.0,0,25,38,7.3,1.8916016415460035e-05
dp,Dynamic Programming,0.4,5,29,71,5000071,2000071,1,73,28.0,0,25,38,14.6,1.8916016415460035e-05
dp,Dynamic Programming,0.4,2,29,71,5000071,2000071,1,73,28.0,0,25,38,36.5,1.8916016415460035e-05
dp,Dynamic Programming,0.4,1,29,71,5000071,2000071,1,73,28.0,0,25,38,73.0,1.8916016415460035e-05
dp,Dynamic Programming,0.5,20,0,42,6000042,2000042,1,111,-26.0,4,54,46,5.55,2.8658971132244915e-05
dp,Dynamic Programming,0.5,10,0,42,6000042,2000042,1,111,-26.0,4,54,46,11.1,2.8658971132244915e-05
dp,Dynamic Programming,0.5,5,0,42,6000042,2000042,1,111,-26.0,4,54,46,22.2,2.8658971132244915e-05
dp,Dynamic Programming,0.5,2,0,42,6000042,2000042,1,111,-26.0,4,54,46,55.5,2.8658971132244915e-05
dp,Dynamic Programming,0.5,1,0,42,6000042,2000042,1,111,-26.0,4,54,46,111.0,2.8658971132244915e-05
dp,Dynamic Programming,0.5,20,1,43,6000043,2000043,1,82,19.0,0,34,39,4.1,2.1663992811227217e-05
dp,Dynamic Programming,0.5,10,1,43,6000043,2000043,1,82,19.0,0,34,39,8.2,2.1663992811227217e-05
dp,Dynamic Programming,0.5,5,1,43,6000043,2000043,1,82,19.0,0,34,39,16.4,2.1663992811227217e-05
dp,Dynamic Programming,0.5,2,1,43,6000043,2000043,1,82,19.0,0,34,39,41.0,2.1663992811227217e-05
dp,Dynamic Programming,0.5,1,1,43,6000043,2000043,1,82,19.0,0,34,39,82.0,2.1663992811227217e-05
dp,Dynamic Programming,0.5,20,2,44,6000044,2000044,1,93,8.0,0,42,39,4.65,2.374401447013952e-05
dp,Dynamic Programming,0.5,10,2,44,6000044,2000044,1,93,8.0,0,42,39,9.3,2.374401447013952e-05
dp,Dynamic Programming,0.5,5,2,44,6000044,2000044,1,93,8.0,0,42,39,18.6,2.374401447013952e-05
dp,Dynamic Programming,0.5,2,2,44,6000044,2000044,1,93,8.0,0,42,39,46.5,2.374401447013952e-05
dp,Dynamic Programming,0.5,1,2,44,6000044,2000044,1,93,8.0,0,42,39,93.0,2.374401447013952e-05
dp,Dynamic Programming,0.5,20,3,45,6000045,2000045,1,81,20.0,0,33,37,4.05,2.0707015210064128e-05
dp,Dynamic Programming,0.5,10,3,45,6000045,2000045,1,81,20.0,0,33,37,8.1,2.0707015210064128e-05
dp,Dynamic Programming,0.5,5,3,45,6000045,2000045,1,81,20.0,0,33,37,16.2,2.0707015210064128e-05
dp,Dynamic Programming,0.5,2,3,45,6000045,2000045,1,81,20.0,0,33,37,40.5,2.0707015210064128e-05
dp,Dynamic Programming,0.5,1,3,45,6000045,2000045,1,81,20.0,0,33,37,81.0,2.0707015210064128e-05
dp,Dynamic Programming,0.5,20,4,46,6000046,2000046,1,154,-61.0,2,81,52,7.7,4.045099194627255e-05
dp,Dynamic Programming,0.5,10,4,46,6000046,2000046,1,154,-61.0,2,81,52,15.4,4.045099194627255e-05
dp,Dynamic Programming,0.5,5,4,46,6000046,2000046,1,154,-61.0,2,81,52,30.8,4.045099194627255e-05
dp,Dynamic Programming,0.5,2,4,46,6000046,2000046,1,154,-61.0,2,81,52,77.0,4.045099194627255e-05
dp,Dynamic Programming,0.5,1,4,46,6000046,2000046,1,154,-61.0,2,81,52,154.0,4.045099194627255e-05
dp,Dynamic Programming,0.5,20,5,47,6000047,2000047,1,116,-15.0,0,54,41,5.8,2.9988990718265995e-05
dp,Dynamic Programming,0.5,10,5,47,6000047,2000047,1,116,-15.0,0,54,41,11.6,2.9988990718265995e-05
dp,Dynamic Programming,0.5,5,5,47,6000047,2000047,1,116,-15.0,0,54,41,23.2,2.9988990718265995e-05
dp,Dynamic Programming,0.5,2,5,47,6000047,2000047,1,116,-15.0,0,54,41,58.0,2.9988990718265995e-05
dp,Dynamic Programming,0.5,1,5,47,6000047,2000047,1,116,-15.0,0,54,41,116.0,2.9988990718265995e-05
dp,Dynamic Programming,0.5,20,6,48,6000048,2000048,1,116,-15.0,0,57,47,5.8,2.945401138276793e-05
dp,Dynamic Programming,0.5,10,6,48,6000048,2000048,1,116,-15.0,0,57,47,11.6,2.945401138276793e-05
dp,Dynamic Programming,0.5,5,6,48,6000048,2000048,1,116,-15.0,0,57,47,23.2,2.945401138276793e-05
dp,Dynamic Programming,0.5,2,6,48,6000048,2000048,1,116,-15.0,0,57,47,58.0,2.945401138276793e-05
dp,Dynamic Programming,0.5,1,6,48,6000048,2000048,1,116,-15.0,0,57,47,116.0,2.945401138276793e-05
dp,Dynamic Programming,0.5,20,7,49,6000049,2000049,1,153,-52.0,0,86,47,7.65,3.8370952097466215e-05
dp,Dynamic Programming,0.5,10,7,49,6000049,2000049,1,153,-52.0,0,86,47,15.3,3.8370952097466215e-05
dp,Dynamic Programming,0.5,5,7,49,6000049,2000049,1,153,-52.0,0,86,47,30.6,3.8370952097466215e-05
dp,Dynamic Programming,0.5,2,7,49,6000049,2000049,1,153,-52.0,0,86,47,76.5,3.8370952097466215e-05
dp,Dynamic Programming,0.5,1,7,49,6000049,2000049,1,153,-52.0,0,86,47,153.0,3.8370952097466215e-05
dp,Dynamic Programming,0.5,20,8,50,6000050,2000050,1,118,-17.0,0,63,40,5.9,3.0868013709550723e-05
dp,Dynamic Programming,0.5,10,8,50,6000050,2000050,1,118,-17.0,0,63,40,11.8,3.0868013709550723e-05
dp,Dynamic Programming,0.5,5,8,50,6000050,2000050,1,118,-17.0,0,63,40,23.6,3.0868013709550723e-05
dp,Dynamic Programming,0.5,2,8,50,6000050,2000050,1,118,-17.0,0,63,40,59.0,3.0868013709550723e-05
dp,Dynamic Programming,0.5,1,8,50,6000050,2000050,1,118,-17.0,0,63,40,118.0,3.0868013709550723e-05
dp,Dynamic Programming,0.5,20,9,51,6000051,2000051,1,100,1.0,0,42,40,5.0,2.6078021619468927e-05
dp,Dynamic Programming,0.5,10,9,51,6000051,2000051,1,100,1.0,0,42,40,10.0,2.6078021619468927e-05
dp,Dynamic Programming,0.5,5,9,51,6000051,2000051,1,100,1.0,0,42,40,20.0,2.6078021619468927e-05
dp,Dynamic Programming,0.5,2,9,51,6000051,2000051,1,100,1.0,0,42,40,50.0,2.6078021619468927e-05
dp,Dynamic Programming,0.5,1,9,51,6000051,2000051,1,100,1.0,0,42,40,100.0,2.6078021619468927e-05
dp,Dynamic Programming,0.5,20,10,52,6000052,2000052,1,111,-10.0,0,55,41,5.55,2.90320094791241e-05
dp,Dynamic Programming,0.5,10,10,52,6000052,2000052,1,111,-10.0,0,55,41,11.1,2.90320094791241e-05
dp,Dynamic Programming,0.5,5,10,52,6000052,2000052,1,111,-10.0,0,55,41,22.2,2.90320094791241e-05
dp,Dynamic Programming,0.5,2,10,52,6000052,2000052,1,111,-10.0,0,55,41,55.5,2.90320094791241e-05
dp,Dynamic Programming,0.5,1,10,52,6000052,2000052,1,111,-10.0,0,55,41,111.0,2.90320094791241e-05
dp,Dynamic Programming,0.5,20,11,53,6000053,2000053,1,117,-16.0,0,64,44,5.85,2.994899477926083e-05
dp,Dynamic Programming,0.5,10,11,53,6000053,2000053,1,117,-16.0,0,64,44,11.7,2.994899477926083e-05
dp,Dynamic Programming,0.5,5,11,53,6000053,2000053,1,117,-16.0,0,64,44,23.4,2.994899477926083e-05
dp,Dynamic Programming,0.5,2,11,53,6000053,2000053,1,117,-16.0,0,64,44,58.5,2.994899477926083e-05
dp,Dynamic Programming,0.5,1,11,53,6000053,2000053,1,117,-16.0,0,64,44,117.0,2.994899477926083e-05
dp,Dynamic Programming,0.5,20,12,54,6000054,2000054,1,84,17.0,0,38,35,4.2,2.2115033061709255e-05
dp,Dynamic Programming,0.5,10,12,54,6000054,2000054,1,84,17.0,0,38,35,8.4,2.2115033061709255e-05
dp,Dynamic Programming,0.5,5,12,54,6000054,2000054,1,84,17.0,0,38,35,16.8,2.2115033061709255e-05
dp,Dynamic Programming,0.5,2,12,54,6000054,2000054,1,84,17.0,0,38,35,42.0,2.2115033061709255e-05
dp,Dynamic Programming,0.5,1,12,54,6000054,2000054,1,84,17.0,0,38,35,84.0,2.2115033061709255e-05
dp,Dynamic Programming,0.5,20,13,55,6000055,2000055,1,208,-115.0,2,121,55,10.4,5.373603562475182e-05
dp,Dynamic Programming,0.5,10,13,55,6000055,2000055,1,208,-115.0,2,121,55,20.8,5.373603562475182e-05
dp,Dynamic Programming,0.5,5,13,55,6000055,2000055,1,208,-115.0,2,121,55,41.6,5.373603562475182e-05
dp,Dynamic Programming,0.5,2,13,55,6000055,2000055,1,208,-115.0,2,121,55,104.0,5.373603562475182e-05
dp,Dynamic Programming,0.5,1,13,55,6000055,2000055,1,208,-115.0,2,121,55,208.0,5.373603562475182e-05
dp,Dynamic Programming,0.5,20,14,56,6000056,2000056,1,83,18.0,0,35,37,4.15,2.1367992303567007e-05
dp,Dynamic Programming,0.5,10,14,56,6000056,2000056,1,83,18.0,0,35,37,8.3,2.1367992303567007e-05
dp,Dynamic Programming,0.5,5,14,56,6000056,2000056,1,83,18.0,0,35,37,16.6,2.1367992303567007e-05
dp,Dynamic Programming,0.5,2,14,56,6000056,2000056,1,83,18.0,0,35,37,41.5,2.1367992303567007e-05
dp,Dynamic Programming,0.5,1,14,56,6000056,2000056,1,83,18.0,0,35,37,83.0,2.1367992303567007e-05
dp,Dynamic Programming,0.5,20,15,57,6000057,2000057,1,142,-41.0,0,79,39,7.1,3.640900467871688e-05
dp,Dynamic Programming,0.5,10,15,57,6000057,2000057,1,142,-41.0,0,79,39,14.2,3.640900467871688e-05
dp,Dynamic Programming,0.5,5,15,57,6000057,2000057,1,142,-41.0,0,79,39,28.4,3.640900467871688e-05
dp,Dynamic Programming,0.5,2,15,57,6000057,2000057,1,142,-41.0,0,79,39,71.0,3.640900467871688e-05
dp,Dynamic Programming,0.5,1,15,57,6000057,2000057,1,142,-41.0,0,79,39,142.0,3.640900467871688e-05
dp,Dynamic Programming,0.5,20,16,58,6000058,2000058,1,183,-90.0,2,96,55,9.15,4.620098843588494e-05
dp,Dynamic Programming,0.5,10,16,58,6000058,2000058,1,183,-90.0,2,96,55,18.3,4.620098843588494e-05
dp,Dynamic Programming,0.5,5,16,58,6000058,2000058,1,183,-90.0,2,96,55,36.6,4.620098843588494e-05
dp,Dynamic Programming,0.5,2,16,58,6000058,2000058,1,183,-90.0,2,96,55,91.5,4.620098843588494e-05
dp,Dynamic Programming,0.5,1,16,58,6000058,2000058,1,183,-90.0,2,96,55,183.0,4.620098843588494e-05
dp,Dynamic Programming,0.5,20,17,59,6000059,2000059,1,109,-8.0,0,58,37,5.45,2.8611997549887747e-05
dp,Dynamic Programming,0.5,10,17,59,6000059,2000059,1,109,-8.0,0,58,37,10.9,2.8611997549887747e-05
dp,Dynamic Programming,0.5,5,17,59,6000059,2000059,1,109,-8.0,0,58,37,21.8,2.8611997549887747e-05
dp,Dynamic Programming,0.5,2,17,59,6000059,2000059,1,109,-8.0,0,58,37,54.5,2.8611997549887747e-05
dp,Dynamic Programming,0.5,1,17,59,6000059,2000059,1,109,-8.0,0,58,37,109.0,2.8611997549887747e-05
dp,Dynamic Programming,0.5,20,18,60,6000060,2000060,1,109,-8.0,0,49,40,5.45,2.8786012990167364e-05
dp,Dynamic Programming,0.5,10,18,60,6000060,2000060,1,109,-8.0,0,49,40,10.9,2.8786012990167364e-05
dp,Dynamic Programming,0.5,5,18,60,6000060,2000060,1,109,-8.0,0,49,40,21.8,2.8786012990167364e-05
dp,Dynamic Programming,0.5,2,18,60,6000060,2000060,1,109,-8.0,0,49,40,54.5,2.8786012990167364e-05
dp,Dynamic Programming,0.5,1,18,60,6000060,2000060,1,109,-8.0,0,49,40,109.0,2.8786012990167364e-05
dp,Dynamic Programming,0.5,20,19,61,6000061,2000061,1,112,-11.0,0,55,38,5.6,2.9235008696559817e-05
dp,Dynamic Programming,0.5,10,19,61,6000061,2000061,1,112,-11.0,0,55,38,11.2,2.9235008696559817e-05
dp,Dynamic Programming,0.5,5,19,61,6000061,2000061,1,112,-11.0,0,55,38,22.4,2.9235008696559817e-05
dp,Dynamic Programming,0.5,2,19,61,6000061,2000061,1,112,-11.0,0,55,38,56.0,2.9235008696559817e-05
dp,Dynamic Programming,0.5,1,19,61,6000061,2000061,1,112,-11.0,0,55,38,112.0,2.9235008696559817e-05
dp,Dynamic Programming,0.5,20,20,62,6000062,2000062,1,88,13.0,0,43,37,4.4,2.31600170081947e-05
dp,Dynamic Programming,0.5,10,20,62,6000062,2000062,1,88,13.0,0,43,37,8.8,2.31600170081947e-05
dp,Dynamic Programming,0.5,5,20,62,6000062,2000062,1,88,13.0,0,43,37,17.6,2.31600170081947e-05
dp,Dynamic Programming,0.5,2,20,62,6000062,2000062,1,88,13.0,0,43,37,44.0,2.31600170081947e-05
dp,Dynamic Programming,0.5,1,20,62,6000062,2000062,1,88,13.0,0,43,37,88.0,2.31600170081947e-05
dp,Dynamic Programming,0.5,20,21,63,6000063,2000063,1,141,-48.0,2,75,44,7.05,3.595101225073449e-05
dp,Dynamic Programming,0.5,10,21,63,6000063,2000063,1,141,-48.0,2,75,44,14.1,3.595101225073449e-05
dp,Dynamic Programming,0.5,5,21,63,6000063,2000063,1,141,-48.0,2,75,44,28.2,3.595101225073449e-05
dp,Dynamic Programming,0.5,2,21,63,6000063,2000063,1,141,-48.0,2,75,44,70.5,3.595101225073449e-05
dp,Dynamic Programming,0.5,1,21,63,6000063,2000063,1,141,-48.0,2,75,44,141.0,3.595101225073449e-05
dp,Dynamic Programming,0.5,20,22,64,6000064,2000064,1,100,-11.0,3,46,38,5.0,2.5951019779313356e-05
dp,Dynamic Programming,0.5,10,22,64,6000064,2000064,1,100,-11.0,3,46,38,10.0,2.5951019779313356e-05
dp,Dynamic Programming,0.5,5,22,64,6000064,2000064,1,100,-11.0,3,46,38,20.0,2.5951019779313356e-05
dp,Dynamic Programming,0.5,2,22,64,6000064,2000064,1,100,-11.0,3,46,38,50.0,2.5951019779313356e-05
dp,Dynamic Programming,0.5,1,22,64,6000064,2000064,1,100,-11.0,3,46,38,100.0,2.5951019779313356e-05
dp,Dynamic Programming,0.5,20,23,65,6000065,2000065,1,72,29.0,0,25,35,3.6,1.8705002730712295e-05
dp,Dynamic Programming,0.5,10,23,65,6000065,2000065,1,72,29.0,0,25,35,7.2,1.8705002730712295e-05
dp,Dynamic Programming,0.5,5,23,65,6000065,2000065,1,72,29.0,0,25,35,14.4,1.8705002730712295e-05
dp,Dynamic Programming,0.5,2,23,65,6000065,2000065,1,72,29.0,0,25,35,36.0,1.8705002730712295e-05
dp,Dynamic Programming,0.5,1,23,65,6000065,2000065,1,72,29.0,0,25,35,72.0,1.8705002730712295e-05
dp,Dynamic Programming,0.5,20,24,66,6000066,2000066,1,83,14.0,1,37,37,4.15,2.1539020963246003e-05
dp,Dynamic Programming,0.5,10,24,66,6000066,2000066,1,83,14.0,1,37,37,8.3,2.1539020963246003e-05
dp,Dynamic Programming,0.5,5,24,66,6000066,2000066,1,83,14.0,1,37,37,16.6,2.1539020963246003e-05
dp,Dynamic Programming,0.5,2,24,66,6000066,2000066,1,83,14.0,1,37,37,41.5,2.1539020963246003e-05
dp,Dynamic Programming,0.5,1,24,66,6000066,2000066,1,83,14.0,1,37,37,83.0,2.1539020963246003e-05
dp,Dynamic Programming,0.5,20,25,67,6000067,2000067,1,79,22.0,0,37,37,3.95,2.0663024770328775e-05
dp,Dynamic Programming,0.5,10,25,67,6000067,2000067,1,79,22.0,0,37,37,7.9,2.0663024770328775e-05
dp,Dynamic Programming,0.5,5,25,67,6000067,2000067,1,79,22.0,0,37,37,15.8,2.0663024770328775e-05
dp,Dynamic Programming,0.5,2,25,67,6000067,2000067,1,79,22.0,0,37,37,39.5,2.0663024770328775e-05
dp,Dynamic Programming,0.5,1,25,67,6000067,2000067,1,79,22.0,0,37,37,79.0,2.0663024770328775e-05
dp,Dynamic Programming,0.5,20,26,68,6000068,2000068,1,145,-48.0,1,76,45,7.25,3.661499431473203e-05
dp,Dynamic Programming,0.5,10,26,68,6000068,2000068,1,145,-48.0,1,76,45,14.5,3.661499431473203e-05
dp,Dynamic Programming,0.5,5,26,68,6000068,2000068,1,145,-48.0,1,76,45,29.0,3.661499431473203e-05
dp,Dynamic Programming,0.5,2,26,68,6000068,2000068,1,145,-48.0,1,76,45,72.5,3.661499431473203e-05
dp,Dynamic Programming,0.5,1,26,68,6000068,2000068,1,145,-48.0,1,76,45,145.0,3.661499431473203e-05
dp,Dynamic Programming,0.5,20,27,69,6000069,2000069,1,137,-48.0,3,76,45,6.85,3.4947999665746465e-05
dp,Dynamic Programming,0.5,10,27,69,6000069,2000069,1,137,-48.0,3,76,45,13.7,3.4947999665746465e-05
dp,Dynamic Programming,0.5,5,27,69,6000069,2000069,1,137,-48.0,3,76,45,27.4,3.4947999665746465e-05
dp,Dynamic Programming,0.5,2,27,69,6000069,2000069,1,137,-48.0,3,76,45,68.5,3.4947999665746465e-05
dp,Dynamic Programming,0.5,1,27,69,6000069,2000069,1,137,-48.0,3,76,45,137.0,3.4947999665746465e-05
dp,Dynamic Programming,0.5,20,28,70,6000070,2000070,1,108,-7.0,0,54,40,5.4,2.8655995265580714e-05
dp,Dynamic Programming,0.5,10,28,70,6000070,2000070,1,108,-7.0,0,54,40,10.8,2.8655995265580714e-05
dp,Dynamic Programming,0.5,5,28,70,6000070,2000070,1,108,-7.0,0,54,40,21.6,2.8655995265580714e-05
dp,Dynamic Programming,0.5,2,28,70,6000070,2000070,1,108,-7.0,0,54,40,54.0,2.8655995265580714e-05
dp,Dynamic Programming,0.5,1,28,70,6000070,2000070,1,108,-7.0,0,54,40,108.0,2.8655995265580714e-05
dp,Dynamic Programming,0.5,20,29,71,6000071,2000071,1,131,-34.0,1,66,46,6.55,3.411396755836904e-05
dp,Dynamic Programming,0.5,10,29,71,6000071,2000071,1,131,-34.0,1,66,46,13.1,3.411396755836904e-05
dp,Dynamic Programming,0.5,5,29,71,6000071,2000071,1,131,-34.0,1,66,46,26.2,3.411396755836904e-05
dp,Dynamic Programming,0.5,2,29,71,6000071,2000071,1,131,-34.0,1,66,46,65.5,3.411396755836904e-05
dp,Dynamic Programming,0.5,1,29,71,6000071,2000071,1,131,-34.0,1,66,46,131.0,3.411396755836904e-05
q_learning,Q-Learning,0.0,20,0,100042,1100042,2100042,1,38,63.0,0,0,35,1.9,0.0003887129969371017
q_learning,Q-Learning,0.0,10,0,100042,1100042,2100042,1,38,63.0,0,0,35,3.8,0.0003887129969371017
q_learning,Q-Learning,0.0,5,0,100042,1100042,2100042,1,38,63.0,0,0,35,7.6,0.0003887129969371017
q_learning,Q-Learning,0.0,2,0,100042,1100042,2100042,1,38,63.0,0,0,35,19.0,0.0003887129969371017
q_learning,Q-Learning,0.0,1,0,100042,1100042,2100042,1,38,63.0,0,0,35,38.0,0.0003887129969371017
q_learning,Q-Learning,0.0,20,1,100043,1100043,2100043,1,38,63.0,0,0,35,1.9,0.00031758099430589937
q_learning,Q-Learning,0.0,10,1,100043,1100043,2100043,1,38,63.0,0,0,35,3.8,0.00031758099430589937
q_learning,Q-Learning,0.0,5,1,100043,1100043,2100043,1,38,63.0,0,0,35,7.6,0.00031758099430589937
q_learning,Q-Learning,0.0,2,1,100043,1100043,2100043,1,38,63.0,0,0,35,19.0,0.00031758099430589937
q_learning,Q-Learning,0.0,1,1,100043,1100043,2100043,1,38,63.0,0,0,35,38.0,0.00031758099430589937
q_learning,Q-Learning,0.0,20,2,100044,1100044,2100044,1,38,63.0,0,0,35,1.9,0.0003177480029989965
q_learning,Q-Learning,0.0,10,2,100044,1100044,2100044,1,38,63.0,0,0,35,3.8,0.0003177480029989965
q_learning,Q-Learning,0.0,5,2,100044,1100044,2100044,1,38,63.0,0,0,35,7.6,0.0003177480029989965
q_learning,Q-Learning,0.0,2,2,100044,1100044,2100044,1,38,63.0,0,0,35,19.0,0.0003177480029989965
q_learning,Q-Learning,0.0,1,2,100044,1100044,2100044,1,38,63.0,0,0,35,38.0,0.0003177480029989965
q_learning,Q-Learning,0.0,20,3,100045,1100045,2100045,1,38,63.0,0,0,35,1.9,0.00031775201568962075
q_learning,Q-Learning,0.0,10,3,100045,1100045,2100045,1,38,63.0,0,0,35,3.8,0.00031775201568962075
q_learning,Q-Learning,0.0,5,3,100045,1100045,2100045,1,38,63.0,0,0,35,7.6,0.00031775201568962075
q_learning,Q-Learning,0.0,2,3,100045,1100045,2100045,1,38,63.0,0,0,35,19.0,0.00031775201568962075
q_learning,Q-Learning,0.0,1,3,100045,1100045,2100045,1,38,63.0,0,0,35,38.0,0.00031775201568962075
q_learning,Q-Learning,0.0,20,4,100046,1100046,2100046,1,38,63.0,0,0,35,1.9,0.0003256630079704337
q_learning,Q-Learning,0.0,10,4,100046,1100046,2100046,1,38,63.0,0,0,35,3.8,0.0003256630079704337
q_learning,Q-Learning,0.0,5,4,100046,1100046,2100046,1,38,63.0,0,0,35,7.6,0.0003256630079704337
q_learning,Q-Learning,0.0,2,4,100046,1100046,2100046,1,38,63.0,0,0,35,19.0,0.0003256630079704337
q_learning,Q-Learning,0.0,1,4,100046,1100046,2100046,1,38,63.0,0,0,35,38.0,0.0003256630079704337
q_learning,Q-Learning,0.0,20,5,100047,1100047,2100047,1,38,63.0,0,0,35,1.9,0.0003287089930381626
q_learning,Q-Learning,0.0,10,5,100047,1100047,2100047,1,38,63.0,0,0,35,3.8,0.0003287089930381626
q_learning,Q-Learning,0.0,5,5,100047,1100047,2100047,1,38,63.0,0,0,35,7.6,0.0003287089930381626
q_learning,Q-Learning,0.0,2,5,100047,1100047,2100047,1,38,63.0,0,0,35,19.0,0.0003287089930381626
q_learning,Q-Learning,0.0,1,5,100047,1100047,2100047,1,38,63.0,0,0,35,38.0,0.0003287089930381626
q_learning,Q-Learning,0.0,20,6,100048,1100048,2100048,1,38,63.0,0,0,35,1.9,0.0003312919943709858
q_learning,Q-Learning,0.0,10,6,100048,1100048,2100048,1,38,63.0,0,0,35,3.8,0.0003312919943709858
q_learning,Q-Learning,0.0,5,6,100048,1100048,2100048,1,38,63.0,0,0,35,7.6,0.0003312919943709858
q_learning,Q-Learning,0.0,2,6,100048,1100048,2100048,1,38,63.0,0,0,35,19.0,0.0003312919943709858
q_learning,Q-Learning,0.0,1,6,100048,1100048,2100048,1,38,63.0,0,0,35,38.0,0.0003312919943709858
q_learning,Q-Learning,0.0,20,7,100049,1100049,2100049,1,38,63.0,0,0,35,1.9,0.00033008398895617574
q_learning,Q-Learning,0.0,10,7,100049,1100049,2100049,1,38,63.0,0,0,35,3.8,0.00033008398895617574
q_learning,Q-Learning,0.0,5,7,100049,1100049,2100049,1,38,63.0,0,0,35,7.6,0.00033008398895617574
q_learning,Q-Learning,0.0,2,7,100049,1100049,2100049,1,38,63.0,0,0,35,19.0,0.00033008398895617574
q_learning,Q-Learning,0.0,1,7,100049,1100049,2100049,1,38,63.0,0,0,35,38.0,0.00033008398895617574
q_learning,Q-Learning,0.0,20,8,100050,1100050,2100050,1,38,63.0,0,0,35,1.9,0.0003290479908173438
q_learning,Q-Learning,0.0,10,8,100050,1100050,2100050,1,38,63.0,0,0,35,3.8,0.0003290479908173438
q_learning,Q-Learning,0.0,5,8,100050,1100050,2100050,1,38,63.0,0,0,35,7.6,0.0003290479908173438
q_learning,Q-Learning,0.0,2,8,100050,1100050,2100050,1,38,63.0,0,0,35,19.0,0.0003290479908173438
q_learning,Q-Learning,0.0,1,8,100050,1100050,2100050,1,38,63.0,0,0,35,38.0,0.0003290479908173438
q_learning,Q-Learning,0.0,20,9,100051,1100051,2100051,1,38,63.0,0,0,35,1.9,0.00033275199893978424
q_learning,Q-Learning,0.0,10,9,100051,1100051,2100051,1,38,63.0,0,0,35,3.8,0.00033275199893978424
q_learning,Q-Learning,0.0,5,9,100051,1100051,2100051,1,38,63.0,0,0,35,7.6,0.00033275199893978424
q_learning,Q-Learning,0.0,2,9,100051,1100051,2100051,1,38,63.0,0,0,35,19.0,0.00033275199893978424
q_learning,Q-Learning,0.0,1,9,100051,1100051,2100051,1,38,63.0,0,0,35,38.0,0.00033275199893978424
q_learning,Q-Learning,0.0,20,10,100052,1100052,2100052,1,38,63.0,0,0,35,1.9,0.00032932899921434
q_learning,Q-Learning,0.0,10,10,100052,1100052,2100052,1,38,63.0,0,0,35,3.8,0.00032932899921434
q_learning,Q-Learning,0.0,5,10,100052,1100052,2100052,1,38,63.0,0,0,35,7.6,0.00032932899921434
q_learning,Q-Learning,0.0,2,10,100052,1100052,2100052,1,38,63.0,0,0,35,19.0,0.00032932899921434
q_learning,Q-Learning,0.0,1,10,100052,1100052,2100052,1,38,63.0,0,0,35,38.0,0.00032932899921434
q_learning,Q-Learning,0.0,20,11,100053,1100053,2100053,1,38,63.0,0,0,35,1.9,0.0003288309926574584
q_learning,Q-Learning,0.0,10,11,100053,1100053,2100053,1,38,63.0,0,0,35,3.8,0.0003288309926574584
q_learning,Q-Learning,0.0,5,11,100053,1100053,2100053,1,38,63.0,0,0,35,7.6,0.0003288309926574584
q_learning,Q-Learning,0.0,2,11,100053,1100053,2100053,1,38,63.0,0,0,35,19.0,0.0003288309926574584
q_learning,Q-Learning,0.0,1,11,100053,1100053,2100053,1,38,63.0,0,0,35,38.0,0.0003288309926574584
q_learning,Q-Learning,0.0,20,12,100054,1100054,2100054,1,38,63.0,0,0,35,1.9,0.0003284150079707615
q_learning,Q-Learning,0.0,10,12,100054,1100054,2100054,1,38,63.0,0,0,35,3.8,0.0003284150079707615
q_learning,Q-Learning,0.0,5,12,100054,1100054,2100054,1,38,63.0,0,0,35,7.6,0.0003284150079707615
q_learning,Q-Learning,0.0,2,12,100054,1100054,2100054,1,38,63.0,0,0,35,19.0,0.0003284150079707615
q_learning,Q-Learning,0.0,1,12,100054,1100054,2100054,1,38,63.0,0,0,35,38.0,0.0003284150079707615
q_learning,Q-Learning,0.0,20,13,100055,1100055,2100055,1,38,63.0,0,0,35,1.9,0.00032970899701467715
q_learning,Q-Learning,0.0,10,13,100055,1100055,2100055,1,38,63.0,0,0,35,3.8,0.00032970899701467715
q_learning,Q-Learning,0.0,5,13,100055,1100055,2100055,1,38,63.0,0,0,35,7.6,0.00032970899701467715
q_learning,Q-Learning,0.0,2,13,100055,1100055,2100055,1,38,63.0,0,0,35,19.0,0.00032970899701467715
q_learning,Q-Learning,0.0,1,13,100055,1100055,2100055,1,38,63.0,0,0,35,38.0,0.00032970899701467715
q_learning,Q-Learning,0.0,20,14,100056,1100056,2100056,1,38,63.0,0,0,35,1.9,0.000327793004544219
q_learning,Q-Learning,0.0,10,14,100056,1100056,2100056,1,38,63.0,0,0,35,3.8,0.000327793004544219
q_learning,Q-Learning,0.0,5,14,100056,1100056,2100056,1,38,63.0,0,0,35,7.6,0.000327793004544219
q_learning,Q-Learning,0.0,2,14,100056,1100056,2100056,1,38,63.0,0,0,35,19.0,0.000327793004544219
q_learning,Q-Learning,0.0,1,14,100056,1100056,2100056,1,38,63.0,0,0,35,38.0,0.000327793004544219
q_learning,Q-Learning,0.0,20,15,100057,1100057,2100057,1,38,63.0,0,0,35,1.9,0.0003271689965913538
q_learning,Q-Learning,0.0,10,15,100057,1100057,2100057,1,38,63.0,0,0,35,3.8,0.0003271689965913538
q_learning,Q-Learning,0.0,5,15,100057,1100057,2100057,1,38,63.0,0,0,35,7.6,0.0003271689965913538
q_learning,Q-Learning,0.0,2,15,100057,1100057,2100057,1,38,63.0,0,0,35,19.0,0.0003271689965913538
q_learning,Q-Learning,0.0,1,15,100057,1100057,2100057,1,38,63.0,0,0,35,38.0,0.0003271689965913538
q_learning,Q-Learning,0.0,20,16,100058,1100058,2100058,1,38,63.0,0,0,35,1.9,0.00032757798908278346
q_learning,Q-Learning,0.0,10,16,100058,1100058,2100058,1,38,63.0,0,0,35,3.8,0.00032757798908278346
q_learning,Q-Learning,0.0,5,16,100058,1100058,2100058,1,38,63.0,0,0,35,7.6,0.00032757798908278346
q_learning,Q-Learning,0.0,2,16,100058,1100058,2100058,1,38,63.0,0,0,35,19.0,0.00032757798908278346
q_learning,Q-Learning,0.0,1,16,100058,1100058,2100058,1,38,63.0,0,0,35,38.0,0.00032757798908278346
q_learning,Q-Learning,0.0,20,17,100059,1100059,2100059,1,38,63.0,0,0,35,1.9,0.00032795800507301465
q_learning,Q-Learning,0.0,10,17,100059,1100059,2100059,1,38,63.0,0,0,35,3.8,0.00032795800507301465
q_learning,Q-Learning,0.0,5,17,100059,1100059,2100059,1,38,63.0,0,0,35,7.6,0.00032795800507301465
q_learning,Q-Learning,0.0,2,17,100059,1100059,2100059,1,38,63.0,0,0,35,19.0,0.00032795800507301465
q_learning,Q-Learning,0.0,1,17,100059,1100059,2100059,1,38,63.0,0,0,35,38.0,0.00032795800507301465
q_learning,Q-Learning,0.0,20,18,100060,1100060,2100060,1,38,63.0,0,0,35,1.9,0.0003283780097262934
q_learning,Q-Learning,0.0,10,18,100060,1100060,2100060,1,38,63.0,0,0,35,3.8,0.0003283780097262934
q_learning,Q-Learning,0.0,5,18,100060,1100060,2100060,1,38,63.0,0,0,35,7.6,0.0003283780097262934
q_learning,Q-Learning,0.0,2,18,100060,1100060,2100060,1,38,63.0,0,0,35,19.0,0.0003283780097262934
q_learning,Q-Learning,0.0,1,18,100060,1100060,2100060,1,38,63.0,0,0,35,38.0,0.0003283780097262934
q_learning,Q-Learning,0.0,20,19,100061,1100061,2100061,1,38,63.0,0,0,35,1.9,0.0003305000027467031
q_learning,Q-Learning,0.0,10,19,100061,1100061,2100061,1,38,63.0,0,0,35,3.8,0.0003305000027467031
q_learning,Q-Learning,0.0,5,19,100061,1100061,2100061,1,38,63.0,0,0,35,7.6,0.0003305000027467031
q_learning,Q-Learning,0.0,2,19,100061,1100061,2100061,1,38,63.0,0,0,35,19.0,0.0003305000027467031
q_learning,Q-Learning,0.0,1,19,100061,1100061,2100061,1,38,63.0,0,0,35,38.0,0.0003305000027467031
q_learning,Q-Learning,0.0,20,20,100062,1100062,2100062,1,38,63.0,0,0,35,1.9,0.0003318779999972321
q_learning,Q-Learning,0.0,10,20,100062,1100062,2100062,1,38,63.0,0,0,35,3.8,0.0003318779999972321
q_learning,Q-Learning,0.0,5,20,100062,1100062,2100062,1,38,63.0,0,0,35,7.6,0.0003318779999972321
q_learning,Q-Learning,0.0,2,20,100062,1100062,2100062,1,38,63.0,0,0,35,19.0,0.0003318779999972321
q_learning,Q-Learning,0.0,1,20,100062,1100062,2100062,1,38,63.0,0,0,35,38.0,0.0003318779999972321
q_learning,Q-Learning,0.0,20,21,100063,1100063,2100063,1,38,63.0,0,0,35,1.9,0.0003437100167502649
q_learning,Q-Learning,0.0,10,21,100063,1100063,2100063,1,38,63.0,0,0,35,3.8,0.0003437100167502649
q_learning,Q-Learning,0.0,5,21,100063,1100063,2100063,1,38,63.0,0,0,35,7.6,0.0003437100167502649
q_learning,Q-Learning,0.0,2,21,100063,1100063,2100063,1,38,63.0,0,0,35,19.0,0.0003437100167502649
q_learning,Q-Learning,0.0,1,21,100063,1100063,2100063,1,38,63.0,0,0,35,38.0,0.0003437100167502649
q_learning,Q-Learning,0.0,20,22,100064,1100064,2100064,1,38,63.0,0,0,35,1.9,0.00031162500818027183
q_learning,Q-Learning,0.0,10,22,100064,1100064,2100064,1,38,63.0,0,0,35,3.8,0.00031162500818027183
q_learning,Q-Learning,0.0,5,22,100064,1100064,2100064,1,38,63.0,0,0,35,7.6,0.00031162500818027183
q_learning,Q-Learning,0.0,2,22,100064,1100064,2100064,1,38,63.0,0,0,35,19.0,0.00031162500818027183
q_learning,Q-Learning,0.0,1,22,100064,1100064,2100064,1,38,63.0,0,0,35,38.0,0.00031162500818027183
q_learning,Q-Learning,0.0,20,23,100065,1100065,2100065,1,38,63.0,0,0,35,1.9,0.0003269990083936136
q_learning,Q-Learning,0.0,10,23,100065,1100065,2100065,1,38,63.0,0,0,35,3.8,0.0003269990083936136
q_learning,Q-Learning,0.0,5,23,100065,1100065,2100065,1,38,63.0,0,0,35,7.6,0.0003269990083936136
q_learning,Q-Learning,0.0,2,23,100065,1100065,2100065,1,38,63.0,0,0,35,19.0,0.0003269990083936136
q_learning,Q-Learning,0.0,1,23,100065,1100065,2100065,1,38,63.0,0,0,35,38.0,0.0003269990083936136
q_learning,Q-Learning,0.0,20,24,100066,1100066,2100066,1,38,63.0,0,0,35,1.9,0.0003257060088799335
q_learning,Q-Learning,0.0,10,24,100066,1100066,2100066,1,38,63.0,0,0,35,3.8,0.0003257060088799335
q_learning,Q-Learning,0.0,5,24,100066,1100066,2100066,1,38,63.0,0,0,35,7.6,0.0003257060088799335
q_learning,Q-Learning,0.0,2,24,100066,1100066,2100066,1,38,63.0,0,0,35,19.0,0.0003257060088799335
q_learning,Q-Learning,0.0,1,24,100066,1100066,2100066,1,38,63.0,0,0,35,38.0,0.0003257060088799335
q_learning,Q-Learning,0.0,20,25,100067,1100067,2100067,1,38,63.0,0,0,35,1.9,0.0003292069995950442
q_learning,Q-Learning,0.0,10,25,100067,1100067,2100067,1,38,63.0,0,0,35,3.8,0.0003292069995950442
q_learning,Q-Learning,0.0,5,25,100067,1100067,2100067,1,38,63.0,0,0,35,7.6,0.0003292069995950442
q_learning,Q-Learning,0.0,2,25,100067,1100067,2100067,1,38,63.0,0,0,35,19.0,0.0003292069995950442
q_learning,Q-Learning,0.0,1,25,100067,1100067,2100067,1,38,63.0,0,0,35,38.0,0.0003292069995950442
q_learning,Q-Learning,0.0,20,26,100068,1100068,2100068,1,38,63.0,0,0,35,1.9,0.0003361679882800672
q_learning,Q-Learning,0.0,10,26,100068,1100068,2100068,1,38,63.0,0,0,35,3.8,0.0003361679882800672
q_learning,Q-Learning,0.0,5,26,100068,1100068,2100068,1,38,63.0,0,0,35,7.6,0.0003361679882800672
q_learning,Q-Learning,0.0,2,26,100068,1100068,2100068,1,38,63.0,0,0,35,19.0,0.0003361679882800672
q_learning,Q-Learning,0.0,1,26,100068,1100068,2100068,1,38,63.0,0,0,35,38.0,0.0003361679882800672
q_learning,Q-Learning,0.0,20,27,100069,1100069,2100069,1,38,63.0,0,0,35,1.9,0.00032887399356695823
q_learning,Q-Learning,0.0,10,27,100069,1100069,2100069,1,38,63.0,0,0,35,3.8,0.00032887399356695823
q_learning,Q-Learning,0.0,5,27,100069,1100069,2100069,1,38,63.0,0,0,35,7.6,0.00032887399356695823
q_learning,Q-Learning,0.0,2,27,100069,1100069,2100069,1,38,63.0,0,0,35,19.0,0.00032887399356695823
q_learning,Q-Learning,0.0,1,27,100069,1100069,2100069,1,38,63.0,0,0,35,38.0,0.00032887399356695823
q_learning,Q-Learning,0.0,20,28,100070,1100070,2100070,1,38,63.0,0,0,35,1.9,0.0003284600061306264
q_learning,Q-Learning,0.0,10,28,100070,1100070,2100070,1,38,63.0,0,0,35,3.8,0.0003284600061306264
q_learning,Q-Learning,0.0,5,28,100070,1100070,2100070,1,38,63.0,0,0,35,7.6,0.0003284600061306264
q_learning,Q-Learning,0.0,2,28,100070,1100070,2100070,1,38,63.0,0,0,35,19.0,0.0003284600061306264
q_learning,Q-Learning,0.0,1,28,100070,1100070,2100070,1,38,63.0,0,0,35,38.0,0.0003284600061306264
q_learning,Q-Learning,0.0,20,29,100071,1100071,2100071,1,38,63.0,0,0,35,1.9,0.00032816699604154564
q_learning,Q-Learning,0.0,10,29,100071,1100071,2100071,1,38,63.0,0,0,35,3.8,0.00032816699604154564
q_learning,Q-Learning,0.0,5,29,100071,1100071,2100071,1,38,63.0,0,0,35,7.6,0.00032816699604154564
q_learning,Q-Learning,0.0,2,29,100071,1100071,2100071,1,38,63.0,0,0,35,19.0,0.00032816699604154564
q_learning,Q-Learning,0.0,1,29,100071,1100071,2100071,1,38,63.0,0,0,35,38.0,0.00032816699604154564
q_learning,Q-Learning,0.1,20,0,100042,2100042,2100042,1,41,60.0,0,2,35,2.05,0.0003592899956856854
q_learning,Q-Learning,0.1,10,0,100042,2100042,2100042,1,41,60.0,0,2,35,4.1,0.0003592899956856854
q_learning,Q-Learning,0.1,5,0,100042,2100042,2100042,1,41,60.0,0,2,35,8.2,0.0003592899956856854
q_learning,Q-Learning,0.1,2,0,100042,2100042,2100042,1,41,60.0,0,2,35,20.5,0.0003592899956856854
q_learning,Q-Learning,0.1,1,0,100042,2100042,2100042,1,41,60.0,0,2,35,41.0,0.0003592899956856854
q_learning,Q-Learning,0.1,20,1,100043,2100043,2100043,1,43,58.0,0,7,35,2.15,0.0003732100085471757
q_learning,Q-Learning,0.1,10,1,100043,2100043,2100043,1,43,58.0,0,7,35,4.3,0.0003732100085471757
q_learning,Q-Learning,0.1,5,1,100043,2100043,2100043,1,43,58.0,0,7,35,8.6,0.0003732100085471757
q_learning,Q-Learning,0.1,2,1,100043,2100043,2100043,1,43,58.0,0,7,35,21.5,0.0003732100085471757
q_learning,Q-Learning,0.1,1,1,100043,2100043,2100043,1,43,58.0,0,7,35,43.0,0.0003732100085471757
q_learning,Q-Learning,0.1,20,2,100044,2100044,2100044,1,60,37.0,1,12,38,3.0,0.0005157479972695
q_learning,Q-Learning,0.1,10,2,100044,2100044,2100044,1,60,37.0,1,12,38,6.0,0.0005157479972695
q_learning,Q-Learning,0.1,5,2,100044,2100044,2100044,1,60,37.0,1,12,38,12.0,0.0005157479972695
q_learning,Q-Learning,0.1,2,2,100044,2100044,2100044,1,60,37.0,1,12,38,30.0,0.0005157479972695
q_learning,Q-Learning,0.1,1,2,100044,2100044,2100044,1,60,37.0,1,12,38,60.0,0.0005157479972695
q_learning,Q-Learning,0.1,20,3,100045,2100045,2100045,1,39,62.0,0,1,35,1.95,0.00033753599927877076
q_learning,Q-Learning,0.1,10,3,100045,2100045,2100045,1,39,62.0,0,1,35,3.9,0.00033753599927877076
q_learning,Q-Learning,0.1,5,3,100045,2100045,2100045,1,39,62.0,0,1,35,7.8,0.00033753599927877076
q_learning,Q-Learning,0.1,2,3,100045,2100045,2100045,1,39,62.0,0,1,35,19.5,0.00033753599927877076
q_learning,Q-Learning,0.1,1,3,100045,2100045,2100045,1,39,62.0,0,1,35,39.0,0.00033753599927877076
q_learning,Q-Learning,0.1,20,4,100046,2100046,2100046,1,39,62.0,0,1,35,1.95,0.0003361650014994666
q_learning,Q-Learning,0.1,10,4,100046,2100046,2100046,1,39,62.0,0,1,35,3.9,0.0003361650014994666
q_learning,Q-Learning,0.1,5,4,100046,2100046,2100046,1,39,62.0,0,1,35,7.8,0.0003361650014994666
q_learning,Q-Learning,0.1,2,4,100046,2100046,2100046,1,39,62.0,0,1,35,19.5,0.0003361650014994666
q_learning,Q-Learning,0.1,1,4,100046,2100046,2100046,1,39,62.0,0,1,35,39.0,0.0003361650014994666
q_learning,Q-Learning,0.1,20,5,100047,2100047,2100047,1,41,60.0,0,2,35,2.05,0.00035316500361659564
q_learning,Q-Learning,0.1,10,5,100047,2100047,2100047,1,41,60.0,0,2,35,4.1,0.00035316500361659564
q_learning,Q-Learning,0.1,5,5,100047,2100047,2100047,1,41,60.0,0,2,35,8.2,0.00035316500361659564
q_learning,Q-Learning,0.1,2,5,100047,2100047,2100047,1,41,60.0,0,2,35,20.5,0.00035316500361659564
q_learning,Q-Learning,0.1,1,5,100047,2100047,2100047,1,41,60.0,0,2,35,41.0,0.00035316500361659564
q_learning,Q-Learning,0.1,20,6,100048,2100048,2100048,1,48,53.0,0,5,35,2.4,0.00041241299913963303
q_learning,Q-Learning,0.1,10,6,100048,2100048,2100048,1,48,53.0,0,5,35,4.8,0.00041241299913963303
q_learning,Q-Learning,0.1,5,6,100048,2100048,2100048,1,48,53.0,0,5,35,9.6,0.00041241299913963303
q_learning,Q-Learning,0.1,2,6,100048,2100048,2100048,1,48,53.0,0,5,35,24.0,0.00041241299913963303
q_learning,Q-Learning,0.1,1,6,100048,2100048,2100048,1,48,53.0,0,5,35,48.0,0.00041241299913963303
q_learning,Q-Learning,0.1,20,7,100049,2100049,2100049,1,50,51.0,0,7,35,2.5,0.00042925498564727604
q_learning,Q-Learning,0.1,10,7,100049,2100049,2100049,1,50,51.0,0,7,35,5.0,0.00042925498564727604
q_learning,Q-Learning,0.1,5,7,100049,2100049,2100049,1,50,51.0,0,7,35,10.0,0.00042925498564727604
q_learning,Q-Learning,0.1,2,7,100049,2100049,2100049,1,50,51.0,0,7,35,25.0,0.00042925498564727604
q_learning,Q-Learning,0.1,1,7,100049,2100049,2100049,1,50,51.0,0,7,35,50.0,0.00042925498564727604
q_learning,Q-Learning,0.1,20,8,100050,2100050,2100050,1,48,53.0,0,5,36,2.4,0.00041149700336973183
q_learning,Q-Learning,0.1,10,8,100050,2100050,2100050,1,48,53.0,0,5,36,4.8,0.00041149700336973183
q_learning,Q-Learning,0.1,5,8,100050,2100050,2100050,1,48,53.0,0,5,36,9.6,0.00041149700336973183
q_learning,Q-Learning,0.1,2,8,100050,2100050,2100050,1,48,53.0,0,5,36,24.0,0.00041149700336973183
q_learning,Q-Learning,0.1,1,8,100050,2100050,2100050,1,48,53.0,0,5,36,48.0,0.00041149700336973183
q_learning,Q-Learning,0.1,20,9,100051,2100051,2100051,1,38,63.0,0,0,35,1.9,0.0003267520005465485
q_learning,Q-Learning,0.1,10,9,100051,2100051,2100051,1,38,63.0,0,0,35,3.8,0.0003267520005465485
q_learning,Q-Learning,0.1,5,9,100051,2100051,2100051,1,38,63.0,0,0,35,7.6,0.0003267520005465485
q_learning,Q-Learning,0.1,2,9,100051,2100051,2100051,1,38,63.0,0,0,35,19.0,0.0003267520005465485
q_learning,Q-Learning,0.1,1,9,100051,2100051,2100051,1,38,63.0,0,0,35,38.0,0.0003267520005465485
q_learning,Q-Learning,0.1,20,10,100052,2100052,2100052,1,59,42.0,0,12,35,2.95,0.0005059579852968454
q_learning,Q-Learning,0.1,10,10,100052,2100052,2100052,1,59,42.0,0,12,35,5.9,0.0005059579852968454
q_learning,Q-Learning,0.1,5,10,100052,2100052,2100052,1,59,42.0,0,12,35,11.8,0.0005059579852968454
q_learning,Q-Learning,0.1,2,10,100052,2100052,2100052,1,59,42.0,0,12,35,29.5,0.0005059579852968454
q_learning,Q-Learning,0.1,1,10,100052,2100052,2100052,1,59,42.0,0,12,35,59.0,0.0005059579852968454
q_learning,Q-Learning,0.1,20,11,100053,2100053,2100053,1,45,56.0,0,6,35,2.25,0.00038765999488532543
q_learning,Q-Learning,0.1,10,11,100053,2100053,2100053,1,45,56.0,0,6,35,4.5,0.00038765999488532543
q_learning,Q-Learning,0.1,5,11,100053,2100053,2100053,1,45,56.0,0,6,35,9.0,0.00038765999488532543
q_learning,Q-Learning,0.1,2,11,100053,2100053,2100053,1,45,56.0,0,6,35,22.5,0.00038765999488532543
q_learning,Q-Learning,0.1,1,11,100053,2100053,2100053,1,45,56.0,0,6,35,45.0,0.00038765999488532543
q_learning,Q-Learning,0.1,20,12,100054,2100054,2100054,1,53,48.0,0,10,35,2.65,0.0004550010271486826
q_learning,Q-Learning,0.1,10,12,100054,2100054,2100054,1,53,48.0,0,10,35,5.3,0.0004550010271486826
q_learning,Q-Learning,0.1,5,12,100054,2100054,2100054,1,53,48.0,0,10,35,10.6,0.0004550010271486826
q_learning,Q-Learning,0.1,2,12,100054,2100054,2100054,1,53,48.0,0,10,35,26.5,0.0004550010271486826
q_learning,Q-Learning,0.1,1,12,100054,2100054,2100054,1,53,48.0,0,10,35,53.0,0.0004550010271486826
q_learning,Q-Learning,0.1,20,13,100055,2100055,2100055,1,44,57.0,0,3,35,2.2,0.0003772990057768766
q_learning,Q-Learning,0.1,10,13,100055,2100055,2100055,1,44,57.0,0,3,35,4.4,0.0003772990057768766
q_learning,Q-Learning,0.1,5,13,100055,2100055,2100055,1,44,57.0,0,3,35,8.8,0.0003772990057768766
q_learning,Q-Learning,0.1,2,13,100055,2100055,2100055,1,44,57.0,0,3,35,22.0,0.0003772990057768766
q_learning,Q-Learning,0.1,1,13,100055,2100055,2100055,1,44,57.0,0,3,35,44.0,0.0003772990057768766
q_learning,Q-Learning,0.1,20,14,100056,2100056,2100056,1,48,53.0,0,5,35,2.4,0.00041224700544262305
q_learning,Q-Learning,0.1,10,14,100056,2100056,2100056,1,48,53.0,0,5,35,4.8,0.00041224700544262305
q_learning,Q-Learning,0.1,5,14,100056,2100056,2100056,1,48,53.0,0,5,35,9.6,0.00041224700544262305
q_learning,Q-Learning,0.1,2,14,100056,2100056,2100056,1,48,53.0,0,5,35,24.0,0.00041224700544262305
q_learning,Q-Learning,0.1,1,14,100056,2100056,2100056,1,48,53.0,0,5,35,48.0,0.00041224700544262305
q_learning,Q-Learning,0.1,20,15,100057,2100057,2100057,1,40,61.0,0,2,35,2.0,0.0003430820033827331
q_learning,Q-Learning,0.1,10,15,100057,2100057,2100057,1,40,61.0,0,2,35,4.0,0.0003430820033827331
q_learning,Q-Learning,0.1,5,15,100057,2100057,2100057,1,40,61.0,0,2,35,8.0,0.0003430820033827331
q_learning,Q-Learning,0.1,2,15,100057,2100057,2100057,1,40,61.0,0,2,35,20.0,0.0003430820033827331
q_learning,Q-Learning,0.1,1,15,100057,2100057,2100057,1,40,61.0,0,2,35,40.0,0.0003430820033827331
q_learning,Q-Learning,0.1,20,16,100058,2100058,2100058,1,40,61.0,0,1,35,2.0,0.0003446650007390417
q_learning,Q-Learning,0.1,10,16,100058,2100058,2100058,1,40,61.0,0,1,35,4.0,0.0003446650007390417
q_learning,Q-Learning,0.1,5,16,100058,2100058,2100058,1,40,61.0,0,1,35,8.0,0.0003446650007390417
q_learning,Q-Learning,0.1,2,16,100058,2100058,2100058,1,40,61.0,0,1,35,20.0,0.0003446650007390417
q_learning,Q-Learning,0.1,1,16,100058,2100058,2100058,1,40,61.0,0,1,35,40.0,0.0003446650007390417
q_learning,Q-Learning,0.1,20,17,100059,2100059,2100059,1,41,60.0,0,2,35,2.05,0.0003619559975049924
q_learning,Q-Learning,0.1,10,17,100059,2100059,2100059,1,41,60.0,0,2,35,4.1,0.0003619559975049924
q_learning,Q-Learning,0.1,5,17,100059,2100059,2100059,1,41,60.0,0,2,35,8.2,0.0003619559975049924
q_learning,Q-Learning,0.1,2,17,100059,2100059,2100059,1,41,60.0,0,2,35,20.5,0.0003619559975049924
q_learning,Q-Learning,0.1,1,17,100059,2100059,2100059,1,41,60.0,0,2,35,41.0,0.0003619559975049924
q_learning,Q-Learning,0.1,20,18,100060,2100060,2100060,1,40,61.0,0,2,35,2.0,0.00035595300141721964
q_learning,Q-Learning,0.1,10,18,100060,2100060,2100060,1,40,61.0,0,2,35,4.0,0.00035595300141721964
q_learning,Q-Learning,0.1,5,18,100060,2100060,2100060,1,40,61.0,0,2,35,8.0,0.00035595300141721964
q_learning,Q-Learning,0.1,2,18,100060,2100060,2100060,1,40,61.0,0,2,35,20.0,0.00035595300141721964
q_learning,Q-Learning,0.1,1,18,100060,2100060,2100060,1,40,61.0,0,2,35,40.0,0.00035595300141721964
q_learning,Q-Learning,0.1,20,19,100061,2100061,2100061,1,47,54.0,0,6,35,2.35,0.000428584997280268
q_learning,Q-Learning,0.1,10,19,100061,2100061,2100061,1,47,54.0,0,6,35,4.7,0.000428584997280268
q_learning,Q-Learning,0.1,5,19,100061,2100061,2100061,1,47,54.0,0,6,35,9.4,0.000428584997280268
q_learning,Q-Learning,0.1,2,19,100061,2100061,2100061,1,47,54.0,0,6,35,23.5,0.000428584997280268
q_learning,Q-Learning,0.1,1,19,100061,2100061,2100061,1,47,54.0,0,6,35,47.0,0.000428584997280268
q_learning,Q-Learning,0.1,20,20,100062,2100062,2100062,1,41,60.0,0,2,35,2.05,0.00035316499997861683
q_learning,Q-Learning,0.1,10,20,100062,2100062,2100062,1,41,60.0,0,2,35,4.1,0.00035316499997861683
q_learning,Q-Learning,0.1,5,20,100062,2100062,2100062,1,41,60.0,0,2,35,8.2,0.00035316499997861683
q_learning,Q-Learning,0.1,2,20,100062,2100062,2100062,1,41,60.0,0,2,35,20.5,0.00035316499997861683
q_learning,Q-Learning,0.1,1,20,100062,2100062,2100062,1,41,60.0,0,2,35,41.0,0.00035316499997861683
q_learning,Q-Learning,0.1,20,21,100063,2100063,2100063,1,44,57.0,0,4,35,2.2,0.00037800200152560137
q_learning,Q-Learning,0.1,10,21,100063,2100063,2100063,1,44,57.0,0,4,35,4.4,0.00037800200152560137
q_learning,Q-Learning,0.1,5,21,100063,2100063,2100063,1,44,57.0,0,4,35,8.8,0.00037800200152560137
q_learning,Q-Learning,0.1,2,21,100063,2100063,2100063,1,44,57.0,0,4,35,22.0,0.00037800200152560137
q_learning,Q-Learning,0.1,1,21,100063,2100063,2100063,1,44,57.0,0,4,35,44.0,0.00037800200152560137
q_learning,Q-Learning,0.1,20,22,100064,2100064,2100064,1,43,58.0,0,3,35,2.15,0.0003702440044435207
q_learning,Q-Learning,0.1,10,22,100064,2100064,2100064,1,43,58.0,0,3,35,4.3,0.0003702440044435207
q_learning,Q-Learning,0.1,5,22,100064,2100064,2100064,1,43,58.0,0,3,35,8.6,0.0003702440044435207
q_learning,Q-Learning,0.1,2,22,100064,2100064,2100064,1,43,58.0,0,3,35,21.5,0.0003702440044435207
q_learning,Q-Learning,0.1,1,22,100064,2100064,2100064,1,43,58.0,0,3,35,43.0,0.0003702440044435207
q_learning,Q-Learning,0.1,20,23,100065,2100065,2100065,1,42,59.0,0,3,35,2.1,0.00036128999636275694
q_learning,Q-Learning,0.1,10,23,100065,2100065,2100065,1,42,59.0,0,3,35,4.2,0.00036128999636275694
q_learning,Q-Learning,0.1,5,23,100065,2100065,2100065,1,42,59.0,0,3,35,8.4,0.00036128999636275694
q_learning,Q-Learning,0.1,2,23,100065,2100065,2100065,1,42,59.0,0,3,35,21.0,0.00036128999636275694
q_learning,Q-Learning,0.1,1,23,100065,2100065,2100065,1,42,59.0,0,3,35,42.0,0.00036128999636275694
q_learning,Q-Learning,0.1,20,24,100066,2100066,2100066,1,44,57.0,0,4,35,2.2,0.0003792470051848795
q_learning,Q-Learning,0.1,10,24,100066,2100066,2100066,1,44,57.0,0,4,35,4.4,0.0003792470051848795
q_learning,Q-Learning,0.1,5,24,100066,2100066,2100066,1,44,57.0,0,4,35,8.8,0.0003792470051848795
q_learning,Q-Learning,0.1,2,24,100066,2100066,2100066,1,44,57.0,0,4,35,22.0,0.0003792470051848795
q_learning,Q-Learning,0.1,1,24,100066,2100066,2100066,1,44,57.0,0,4,35,44.0,0.0003792470051848795
q_learning,Q-Learning,0.1,20,25,100067,2100067,2100067,1,53,48.0,0,8,36,2.65,0.000457495993032353
q_learning,Q-Learning,0.1,10,25,100067,2100067,2100067,1,53,48.0,0,8,36,5.3,0.000457495993032353
q_learning,Q-Learning,0.1,5,25,100067,2100067,2100067,1,53,48.0,0,8,36,10.6,0.000457495993032353
q_learning,Q-Learning,0.1,2,25,100067,2100067,2100067,1,53,48.0,0,8,36,26.5,0.000457495993032353
q_learning,Q-Learning,0.1,1,25,100067,2100067,2100067,1,53,48.0,0,8,36,53.0,0.000457495993032353
q_learning,Q-Learning,0.1,20,26,100068,2100068,2100068,1,43,58.0,0,3,35,2.15,0.0003701239875226747
q_learning,Q-Learning,0.1,10,26,100068,2100068,2100068,1,43,58.0,0,3,35,4.3,0.0003701239875226747
q_learning,Q-Learning,0.1,5,26,100068,2100068,2100068,1,43,58.0,0,3,35,8.6,0.0003701239875226747
q_learning,Q-Learning,0.1,2,26,100068,2100068,2100068,1,43,58.0,0,3,35,21.5,0.0003701239875226747
q_learning,Q-Learning,0.1,1,26,100068,2100068,2100068,1,43,58.0,0,3,35,43.0,0.0003701239875226747
q_learning,Q-Learning,0.1,20,27,100069,2100069,2100069,1,47,54.0,0,6,35,2.35,0.00040525100121158175
q_learning,Q-Learning,0.1,10,27,100069,2100069,2100069,1,47,54.0,0,6,35,4.7,0.00040525100121158175
q_learning,Q-Learning,0.1,5,27,100069,2100069,2100069,1,47,54.0,0,6,35,9.4,0.00040525100121158175
q_learning,Q-Learning,0.1,2,27,100069,2100069,2100069,1,47,54.0,0,6,35,23.5,0.00040525100121158175
q_learning,Q-Learning,0.1,1,27,100069,2100069,2100069,1,47,54.0,0,6,35,47.0,0.00040525100121158175
q_learning,Q-Learning,0.1,20,28,100070,2100070,2100070,1,45,56.0,0,4,35,2.25,0.00038687800770276226
q_learning,Q-Learning,0.1,10,28,100070,2100070,2100070,1,45,56.0,0,4,35,4.5,0.00038687800770276226
q_learning,Q-Learning,0.1,5,28,100070,2100070,2100070,1,45,56.0,0,4,35,9.0,0.00038687800770276226
q_learning,Q-Learning,0.1,2,28,100070,2100070,2100070,1,45,56.0,0,4,35,22.5,0.00038687800770276226
q_learning,Q-Learning,0.1,1,28,100070,2100070,2100070,1,45,56.0,0,4,35,45.0,0.00038687800770276226
q_learning,Q-Learning,0.1,20,29,100071,2100071,2100071,1,47,54.0,0,7,35,2.35,0.0004033739969599992
q_learning,Q-Learning,0.1,10,29,100071,2100071,2100071,1,47,54.0,0,7,35,4.7,0.0004033739969599992
q_learning,Q-Learning,0.1,5,29,100071,2100071,2100071,1,47,54.0,0,7,35,9.4,0.0004033739969599992
q_learning,Q-Learning,0.1,2,29,100071,2100071,2100071,1,47,54.0,0,7,35,23.5,0.0004033739969599992
q_learning,Q-Learning,0.1,1,29,100071,2100071,2100071,1,47,54.0,0,7,35,47.0,0.0004033739969599992
q_learning,Q-Learning,0.2,20,0,100042,3100042,2100042,1,58,43.0,0,12,36,2.9,0.0004987899847037625
q_learning,Q-Learning,0.2,10,0,100042,3100042,2100042,1,58,43.0,0,12,36,5.8,0.0004987899847037625
q_learning,Q-Learning,0.2,5,0,100042,3100042,2100042,1,58,43.0,0,12,36,11.6,0.0004987899847037625
q_learning,Q-Learning,0.2,2,0,100042,3100042,2100042,1,58,43.0,0,12,36,29.0,0.0004987899847037625
q_learning,Q-Learning,0.2,1,0,100042,3100042,2100042,1,58,43.0,0,12,36,58.0,0.0004987899847037625
q_learning,Q-Learning,0.2,20,1,100043,3100043,2100043,1,46,55.0,0,7,35,2.3,0.0003980390138167422
q_learning,Q-Learning,0.2,10,1,100043,3100043,2100043,1,46,55.0,0,7,35,4.6,0.0003980390138167422
q_learning,Q-Learning,0.2,5,1,100043,3100043,2100043,1,46,55.0,0,7,35,9.2,0.0003980390138167422
q_learning,Q-Learning,0.2,2,1,100043,3100043,2100043,1,46,55.0,0,7,35,23.0,0.0003980390138167422
q_learning,Q-Learning,0.2,1,1,100043,3100043,2100043,1,46,55.0,0,7,35,46.0,0.0003980390138167422
q_learning,Q-Learning,0.2,20,2,100044,3100044,2100044,1,50,51.0,0,6,35,2.5,0.0004284169881429989
q_learning,Q-Learning,0.2,10,2,100044,3100044,2100044,1,50,51.0,0,6,35,5.0,0.0004284169881429989
q_learning,Q-Learning,0.2,5,2,100044,3100044,2100044,1,50,51.0,0,6,35,10.0,0.0004284169881429989
q_learning,Q-Learning,0.2,2,2,100044,3100044,2100044,1,50,51.0,0,6,35,25.0,0.0004284169881429989
q_learning,Q-Learning,0.2,1,2,100044,3100044,2100044,1,50,51.0,0,6,35,50.0,0.0004284169881429989
q_learning,Q-Learning,0.2,20,3,100045,3100045,2100045,1,52,49.0,0,8,35,2.6,0.00044721200174535625
q_learning,Q-Learning,0.2,10,3,100045,3100045,2100045,1,52,49.0,0,8,35,5.2,0.00044721200174535625
q_learning,Q-Learning,0.2,5,3,100045,3100045,2100045,1,52,49.0,0,8,35,10.4,0.00044721200174535625
q_learning,Q-Learning,0.2,2,3,100045,3100045,2100045,1,52,49.0,0,8,35,26.0,0.00044721200174535625
q_learning,Q-Learning,0.2,1,3,100045,3100045,2100045,1,52,49.0,0,8,35,52.0,0.00044721200174535625
q_learning,Q-Learning,0.2,20,4,100046,3100046,2100046,1,55,46.0,0,10,35,2.75,0.00047275300676119514
q_learning,Q-Learning,0.2,10,4,100046,3100046,2100046,1,55,46.0,0,10,35,5.5,0.00047275300676119514
q_learning,Q-Learning,0.2,5,4,100046,3100046,2100046,1,55,46.0,0,10,35,11.0,0.00047275300676119514
q_learning,Q-Learning,0.2,2,4,100046,3100046,2100046,1,55,46.0,0,10,35,27.5,0.00047275300676119514
q_learning,Q-Learning,0.2,1,4,100046,3100046,2100046,1,55,46.0,0,10,35,55.0,0.00047275300676119514
q_learning,Q-Learning,0.2,20,5,100047,3100047,2100047,1,48,53.0,0,7,35,2.4,0.0004112879978492856
q_learning,Q-Learning,0.2,10,5,100047,3100047,2100047,1,48,53.0,0,7,35,4.8,0.0004112879978492856
q_learning,Q-Learning,0.2,5,5,100047,3100047,2100047,1,48,53.0,0,7,35,9.6,0.0004112879978492856
q_learning,Q-Learning,0.2,2,5,100047,3100047,2100047,1,48,53.0,0,7,35,24.0,0.0004112879978492856
q_learning,Q-Learning,0.2,1,5,100047,3100047,2100047,1,48,53.0,0,7,35,48.0,0.0004112879978492856
q_learning,Q-Learning,0.2,20,6,100048,3100048,2100048,1,49,52.0,0,8,35,2.45,0.00041924798279069364
q_learning,Q-Learning,0.2,10,6,100048,3100048,2100048,1,49,52.0,0,8,35,4.9,0.00041924798279069364
q_learning,Q-Learning,0.2,5,6,100048,3100048,2100048,1,49,52.0,0,8,35,9.8,0.00041924798279069364
q_learning,Q-Learning,0.2,2,6,100048,3100048,2100048,1,49,52.0,0,8,35,24.5,0.00041924798279069364
q_learning,Q-Learning,0.2,1,6,100048,3100048,2100048,1,49,52.0,0,8,35,49.0,0.00041924798279069364
q_learning,Q-Learning,0.2,20,7,100049,3100049,2100049,1,50,51.0,0,10,35,2.5,0.00042929299524985254
q_learning,Q-Learning,0.2,10,7,100049,3100049,2100049,1,50,51.0,0,10,35,5.0,0.00042929299524985254
q_learning,Q-Learning,0.2,5,7,100049,3100049,2100049,1,50,51.0,0,10,35,10.0,0.00042929299524985254
q_learning,Q-Learning,0.2,2,7,100049,3100049,2100049,1,50,51.0,0,10,35,25.0,0.00042929299524985254
q_learning,Q-Learning,0.2,1,7,100049,3100049,2100049,1,50,51.0,0,10,35,50.0,0.00042929299524985254
q_learning,Q-Learning,0.2,20,8,100050,3100050,2100050,1,57,44.0,0,9,37,2.85,0.0004885449889115989
q_learning,Q-Learning,0.2,10,8,100050,3100050,2100050,1,57,44.0,0,9,37,5.7,0.0004885449889115989
q_learning,Q-Learning,0.2,5,8,100050,3100050,2100050,1,57,44.0,0,9,37,11.4,0.0004885449889115989
q_learning,Q-Learning,0.2,2,8,100050,3100050,2100050,1,57,44.0,0,9,37,28.5,0.0004885449889115989
q_learning,Q-Learning,0.2,1,8,100050,3100050,2100050,1,57,44.0,0,9,37,57.0,0.0004885449889115989
q_learning,Q-Learning,0.2,20,9,100051,3100051,2100051,1,66,35.0,0,17,35,3.3,0.0005763689914601855
q_learning,Q-Learning,0.2,10,9,100051,3100051,2100051,1,66,35.0,0,17,35,6.6,0.0005763689914601855
q_learning,Q-Learning,0.2,5,9,100051,3100051,2100051,1,66,35.0,0,17,35,13.2,0.0005763689914601855
q_learning,Q-Learning,0.2,2,9,100051,3100051,2100051,1,66,35.0,0,17,35,33.0,0.0005763689914601855
q_learning,Q-Learning,0.2,1,9,100051,3100051,2100051,1,66,35.0,0,17,35,66.0,0.0005763689914601855
q_learning,Q-Learning,0.2,20,10,100052,3100052,2100052,1,48,53.0,0,7,35,2.4,0.0004144140038988553
q_learning,Q-Learning,0.2,10,10,100052,3100052,2100052,1,48,53.0,0,7,35,4.8,0.0004144140038988553
q_learning,Q-Learning,0.2,5,10,100052,3100052,2100052,1,48,53.0,0,7,35,9.6,0.0004144140038988553
q_learning,Q-Learning,0.2,2,10,100052,3100052,2100052,1,48,53.0,0,7,35,24.0,0.0004144140038988553
q_learning,Q-Learning,0.2,1,10,100052,3100052,2100052,1,48,53.0,0,7,35,48.0,0.0004144140038988553
q_learning,Q-Learning,0.2,20,11,100053,3100053,2100053,1,58,43.0,0,11,35,2.9,0.0004982060272595845
q_learning,Q-Learning,0.2,10,11,100053,3100053,2100053,1,58,43.0,0,11,35,5.8,0.0004982060272595845
q_learning,Q-Learning,0.2,5,11,100053,3100053,2100053,1,58,43.0,0,11,35,11.6,0.0004982060272595845
q_learning,Q-Learning,0.2,2,11,100053,3100053,2100053,1,58,43.0,0,11,35,29.0,0.0004982060272595845
q_learning,Q-Learning,0.2,1,11,100053,3100053,2100053,1,58,43.0,0,11,35,58.0,0.0004982060272595845
q_learning,Q-Learning,0.2,20,12,100054,3100054,2100054,1,55,46.0,0,11,35,2.75,0.0004713689886557404
q_learning,Q-Learning,0.2,10,12,100054,3100054,2100054,1,55,46.0,0,11,35,5.5,0.0004713689886557404
q_learning,Q-Learning,0.2,5,12,100054,3100054,2100054,1,55,46.0,0,11,35,11.0,0.0004713689886557404
q_learning,Q-Learning,0.2,2,12,100054,3100054,2100054,1,55,46.0,0,11,35,27.5,0.0004713689886557404
q_learning,Q-Learning,0.2,1,12,100054,3100054,2100054,1,55,46.0,0,11,35,55.0,0.0004713689886557404
q_learning,Q-Learning,0.2,20,13,100055,3100055,2100055,1,69,32.0,0,17,36,3.45,0.0005903319834033027
q_learning,Q-Learning,0.2,10,13,100055,3100055,2100055,1,69,32.0,0,17,36,6.9,0.0005903319834033027
q_learning,Q-Learning,0.2,5,13,100055,3100055,2100055,1,69,32.0,0,17,36,13.8,0.0005903319834033027
q_learning,Q-Learning,0.2,2,13,100055,3100055,2100055,1,69,32.0,0,17,36,34.5,0.0005903319834033027
q_learning,Q-Learning,0.2,1,13,100055,3100055,2100055,1,69,32.0,0,17,36,69.0,0.0005903319834033027
q_learning,Q-Learning,0.2,20,14,100056,3100056,2100056,1,46,55.0,0,6,35,2.3,0.00039712201032671146
q_learning,Q-Learning,0.2,10,14,100056,3100056,2100056,1,46,55.0,0,6,35,4.6,0.00039712201032671146
q_learning,Q-Learning,0.2,5,14,100056,3100056,2100056,1,46,55.0,0,6,35,9.2,0.00039712201032671146
q_learning,Q-Learning,0.2,2,14,100056,3100056,2100056,1,46,55.0,0,6,35,23.0,0.00039712201032671146
q_learning,Q-Learning,0.2,1,14,100056,3100056,2100056,1,46,55.0,0,6,35,46.0,0.00039712201032671146
q_learning,Q-Learning,0.2,20,15,100057,3100057,2100057,1,51,50.0,0,7,35,2.55,0.00044258401248953305
q_learning,Q-Learning,0.2,10,15,100057,3100057,2100057,1,51,50.0,0,7,35,5.1,0.00044258401248953305
q_learning,Q-Learning,0.2,5,15,100057,3100057,2100057,1,51,50.0,0,7,35,10.2,0.00044258401248953305
q_learning,Q-Learning,0.2,2,15,100057,3100057,2100057,1,51,50.0,0,7,35,25.5,0.00044258401248953305
q_learning,Q-Learning,0.2,1,15,100057,3100057,2100057,1,51,50.0,0,7,35,51.0,0.00044258401248953305
q_learning,Q-Learning,0.2,20,16,100058,3100058,2100058,1,43,58.0,0,3,35,2.15,0.00037053999403724447
q_learning,Q-Learning,0.2,10,16,100058,3100058,2100058,1,43,58.0,0,3,35,4.3,0.00037053999403724447
q_learning,Q-Learning,0.2,5,16,100058,3100058,2100058,1,43,58.0,0,3,35,8.6,0.00037053999403724447
q_learning,Q-Learning,0.2,2,16,100058,3100058,2100058,1,43,58.0,0,3,35,21.5,0.00037053999403724447
q_learning,Q-Learning,0.2,1,16,100058,3100058,2100058,1,43,58.0,0,3,35,43.0,0.00037053999403724447
q_learning,Q-Learning,0.2,20,17,100059,3100059,2100059,1,64,37.0,0,15,37,3.2,0.0005495410005096346
q_learning,Q-Learning,0.2,10,17,100059,3100059,2100059,1,64,37.0,0,15,37,6.4,0.0005495410005096346
q_learning,Q-Learning,0.2,5,17,100059,3100059,2100059,1,64,37.0,0,15,37,12.8,0.0005495410005096346
q_learning,Q-Learning,0.2,2,17,100059,3100059,2100059,1,64,37.0,0,15,37,32.0,0.0005495410005096346
q_learning,Q-Learning,0.2,1,17,100059,3100059,2100059,1,64,37.0,0,15,37,64.0,0.0005495410005096346
q_learning,Q-Learning,0.2,20,18,100060,3100060,2100060,1,77,24.0,0,20,39,3.85,0.0006598750114790164
q_learning,Q-Learning,0.2,10,18,100060,3100060,2100060,1,77,24.0,0,20,39,7.7,0.0006598750114790164
q_learning,Q-Learning,0.2,5,18,100060,3100060,2100060,1,77,24.0,0,20,39,15.4,0.0006598750114790164
q_learning,Q-Learning,0.2,2,18,100060,3100060,2100060,1,77,24.0,0,20,39,38.5,0.0006598750114790164
q_learning,Q-Learning,0.2,1,18,100060,3100060,2100060,1,77,24.0,0,20,39,77.0,0.0006598750114790164
q_learning,Q-Learning,0.2,20,19,100061,3100061,2100061,1,62,39.0,0,15,35,3.1,0.0005301689998304937
q_learning,Q-Learning,0.2,10,19,100061,3100061,2100061,1,62,39.0,0,15,35,6.2,0.0005301689998304937
q_learning,Q-Learning,0.2,5,19,100061,3100061,2100061,1,62,39.0,0,15,35,12.4,0.0005301689998304937
q_learning,Q-Learning,0.2,2,19,100061,3100061,2100061,1,62,39.0,0,15,35,31.0,0.0005301689998304937
q_learning,Q-Learning,0.2,1,19,100061,3100061,2100061,1,62,39.0,0,15,35,62.0,0.0005301689998304937
q_learning,Q-Learning,0.2,20,20,100062,3100062,2100062,1,52,49.0,0,11,35,2.6,0.00044420500489650294
q_learning,Q-Learning,0.2,10,20,100062,3100062,2100062,1,52,49.0,0,11,35,5.2,0.00044420500489650294
q_learning,Q-Learning,0.2,5,20,100062,3100062,2100062,1,52,49.0,0,11,35,10.4,0.00044420500489650294
q_learning,Q-Learning,0.2,2,20,100062,3100062,2100062,1,52,49.0,0,11,35,26.0,0.00044420500489650294
q_learning,Q-Learning,0.2,1,20,100062,3100062,2100062,1,52,49.0,0,11,35,52.0,0.00044420500489650294
q_learning,Q-Learning,0.2,20,21,100063,3100063,2100063,1,66,35.0,0,18,36,3.3,0.0005646230165439192
q_learning,Q-Learning,0.2,10,21,100063,3100063,2100063,1,66,35.0,0,18,36,6.6,0.0005646230165439192
q_learning,Q-Learning,0.2,5,21,100063,3100063,2100063,1,66,35.0,0,18,36,13.2,0.0005646230165439192
q_learning,Q-Learning,0.2,2,21,100063,3100063,2100063,1,66,35.0,0,18,36,33.0,0.0005646230165439192
q_learning,Q-Learning,0.2,1,21,100063,3100063,2100063,1,66,35.0,0,18,36,66.0,0.0005646230165439192
q_learning,Q-Learning,0.2,20,22,100064,3100064,2100064,1,46,55.0,0,5,35,2.3,0.0003951659928134177
q_learning,Q-Learning,0.2,10,22,100064,3100064,2100064,1,46,55.0,0,5,35,4.6,0.0003951659928134177
q_learning,Q-Learning,0.2,5,22,100064,3100064,2100064,1,46,55.0,0,5,35,9.2,0.0003951659928134177
q_learning,Q-Learning,0.2,2,22,100064,3100064,2100064,1,46,55.0,0,5,35,23.0,0.0003951659928134177
q_learning,Q-Learning,0.2,1,22,100064,3100064,2100064,1,46,55.0,0,5,35,46.0,0.0003951659928134177
q_learning,Q-Learning,0.2,20,23,100065,3100065,2100065,1,54,47.0,0,11,35,2.7,0.00046333399950526655
q_learning,Q-Learning,0.2,10,23,100065,3100065,2100065,1,54,47.0,0,11,35,5.4,0.00046333399950526655
q_learning,Q-Learning,0.2,5,23,100065,3100065,2100065,1,54,47.0,0,11,35,10.8,0.00046333399950526655
q_learning,Q-Learning,0.2,2,23,100065,3100065,2100065,1,54,47.0,0,11,35,27.0,0.00046333399950526655
q_learning,Q-Learning,0.2,1,23,100065,3100065,2100065,1,54,47.0,0,11,35,54.0,0.00046333399950526655
q_learning,Q-Learning,0.2,20,24,100066,3100066,2100066,1,55,46.0,0,9,36,2.75,0.0004726689985545818
q_learning,Q-Learning,0.2,10,24,100066,3100066,2100066,1,55,46.0,0,9,36,5.5,0.0004726689985545818
q_learning,Q-Learning,0.2,5,24,100066,3100066,2100066,1,55,46.0,0,9,36,11.0,0.0004726689985545818
q_learning,Q-Learning,0.2,2,24,100066,3100066,2100066,1,55,46.0,0,9,36,27.5,0.0004726689985545818
q_learning,Q-Learning,0.2,1,24,100066,3100066,2100066,1,55,46.0,0,9,36,55.0,0.0004726689985545818
q_learning,Q-Learning,0.2,20,25,100067,3100067,2100067,1,53,48.0,0,9,35,2.65,0.0004532069942797534
q_learning,Q-Learning,0.2,10,25,100067,3100067,2100067,1,53,48.0,0,9,35,5.3,0.0004532069942797534
q_learning,Q-Learning,0.2,5,25,100067,3100067,2100067,1,53,48.0,0,9,35,10.6,0.0004532069942797534
q_learning,Q-Learning,0.2,2,25,100067,3100067,2100067,1,53,48.0,0,9,35,26.5,0.0004532069942797534
q_learning,Q-Learning,0.2,1,25,100067,3100067,2100067,1,53,48.0,0,9,35,53.0,0.0004532069942797534
q_learning,Q-Learning,0.2,20,26,100068,3100068,2100068,1,65,36.0,0,16,37,3.25,0.000557039998966502
q_learning,Q-Learning,0.2,10,26,100068,3100068,2100068,1,65,36.0,0,16,37,6.5,0.000557039998966502
q_learning,Q-Learning,0.2,5,26,100068,3100068,2100068,1,65,36.0,0,16,37,13.0,0.000557039998966502
q_learning,Q-Learning,0.2,2,26,100068,3100068,2100068,1,65,36.0,0,16,37,32.5,0.000557039998966502
q_learning,Q-Learning,0.2,1,26,100068,3100068,2100068,1,65,36.0,0,16,37,65.0,0.000557039998966502
q_learning,Q-Learning,0.2,20,27,100069,3100069,2100069,1,57,44.0,0,12,35,2.85,0.0004926290057483129
q_learning,Q-Learning,0.2,10,27,100069,3100069,2100069,1,57,44.0,0,12,35,5.7,0.0004926290057483129
q_learning,Q-Learning,0.2,5,27,100069,3100069,2100069,1,57,44.0,0,12,35,11.4,0.0004926290057483129
q_learning,Q-Learning,0.2,2,27,100069,3100069,2100069,1,57,44.0,0,12,35,28.5,0.0004926290057483129
q_learning,Q-Learning,0.2,1,27,100069,3100069,2100069,1,57,44.0,0,12,35,57.0,0.0004926290057483129
q_learning,Q-Learning,0.2,20,28,100070,3100070,2100070,1,57,44.0,0,10,38,2.85,0.0004915819990856107
q_learning,Q-Learning,0.2,10,28,100070,3100070,2100070,1,57,44.0,0,10,38,5.7,0.0004915819990856107
q_learning,Q-Learning,0.2,5,28,100070,3100070,2100070,1,57,44.0,0,10,38,11.4,0.0004915819990856107
q_learning,Q-Learning,0.2,2,28,100070,3100070,2100070,1,57,44.0,0,10,38,28.5,0.0004915819990856107
q_learning,Q-Learning,0.2,1,28,100070,3100070,2100070,1,57,44.0,0,10,38,57.0,0.0004915819990856107
q_learning,Q-Learning,0.2,20,29,100071,3100071,2100071,1,48,53.0,0,6,35,2.4,0.00041212999349227175
q_learning,Q-Learning,0.2,10,29,100071,3100071,2100071,1,48,53.0,0,6,35,4.8,0.00041212999349227175
q_learning,Q-Learning,0.2,5,29,100071,3100071,2100071,1,48,53.0,0,6,35,9.6,0.00041212999349227175
q_learning,Q-Learning,0.2,2,29,100071,3100071,2100071,1,48,53.0,0,6,35,24.0,0.00041212999349227175
q_learning,Q-Learning,0.2,1,29,100071,3100071,2100071,1,48,53.0,0,6,35,48.0,0.00041212999349227175
q_learning,Q-Learning,0.3,20,0,100042,4100042,2100042,1,68,33.0,0,19,35,3.4,0.0005950390150246676
q_learning,Q-Learning,0.3,10,0,100042,4100042,2100042,1,68,33.0,0,19,35,6.8,0.0005950390150246676
q_learning,Q-Learning,0.3,5,0,100042,4100042,2100042,1,68,33.0,0,19,35,13.6,0.0005950390150246676
q_learning,Q-Learning,0.3,2,0,100042,4100042,2100042,1,68,33.0,0,19,35,34.0,0.0005950390150246676
q_learning,Q-Learning,0.3,1,0,100042,4100042,2100042,1,68,33.0,0,19,35,68.0,0.0005950390150246676
q_learning,Q-Learning,0.3,20,1,100043,4100043,2100043,1,64,37.0,0,16,35,3.2,0.0005482879787450656
q_learning,Q-Learning,0.3,10,1,100043,4100043,2100043,1,64,37.0,0,16,35,6.4,0.0005482879787450656
q_learning,Q-Learning,0.3,5,1,100043,4100043,2100043,1,64,37.0,0,16,35,12.8,0.0005482879787450656
q_learning,Q-Learning,0.3,2,1,100043,4100043,2100043,1,64,37.0,0,16,35,32.0,0.0005482879787450656
q_learning,Q-Learning,0.3,1,1,100043,4100043,2100043,1,64,37.0,0,16,35,64.0,0.0005482879787450656
q_learning,Q-Learning,0.3,20,2,100044,4100044,2100044,1,60,41.0,0,16,35,3.0,0.0005149590033397544
q_learning,Q-Learning,0.3,10,2,100044,4100044,2100044,1,60,41.0,0,16,35,6.0,0.0005149590033397544
q_learning,Q-Learning,0.3,5,2,100044,4100044,2100044,1,60,41.0,0,16,35,12.0,0.0005149590033397544
q_learning,Q-Learning,0.3,2,2,100044,4100044,2100044,1,60,41.0,0,16,35,30.0,0.0005149590033397544
q_learning,Q-Learning,0.3,1,2,100044,4100044,2100044,1,60,41.0,0,16,35,60.0,0.0005149590033397544
q_learning,Q-Learning,0.3,20,3,100045,4100045,2100045,1,93,8.0,0,29,42,4.65,0.0007937890040921047
q_learning,Q-Learning,0.3,10,3,100045,4100045,2100045,1,93,8.0,0,29,42,9.3,0.0007937890040921047
q_learning,Q-Learning,0.3,5,3,100045,4100045,2100045,1,93,8.0,0,29,42,18.6,0.0007937890040921047
q_learning,Q-Learning,0.3,2,3,100045,4100045,2100045,1,93,8.0,0,29,42,46.5,0.0007937890040921047
q_learning,Q-Learning,0.3,1,3,100045,4100045,2100045,1,93,8.0,0,29,42,93.0,0.0007937890040921047
q_learning,Q-Learning,0.3,20,4,100046,4100046,2100046,1,72,29.0,0,24,36,3.6,0.0006156660201668274
q_learning,Q-Learning,0.3,10,4,100046,4100046,2100046,1,72,29.0,0,24,36,7.2,0.0006156660201668274
q_learning,Q-Learning,0.3,5,4,100046,4100046,2100046,1,72,29.0,0,24,36,14.4,0.0006156660201668274
q_learning,Q-Learning,0.3,2,4,100046,4100046,2100046,1,72,29.0,0,24,36,36.0,0.0006156660201668274
q_learning,Q-Learning,0.3,1,4,100046,4100046,2100046,1,72,29.0,0,24,36,72.0,0.0006156660201668274
q_learning,Q-Learning,0.3,20,5,100047,4100047,2100047,1,64,37.0,0,15,36,3.2,0.0005476230107888114
q_learning,Q-Learning,0.3,10,5,100047,4100047,2100047,1,64,37.0,0,15,36,6.4,0.0005476230107888114
q_learning,Q-Learning,0.3,5,5,100047,4100047,2100047,1,64,37.0,0,15,36,12.8,0.0005476230107888114
q_learning,Q-Learning,0.3,2,5,100047,4100047,2100047,1,64,37.0,0,15,36,32.0,0.0005476230107888114
q_learning,Q-Learning,0.3,1,5,100047,4100047,2100047,1,64,37.0,0,15,36,64.0,0.0005476230107888114
q_learning,Q-Learning,0.3,20,6,100048,4100048,2100048,1,67,34.0,0,17,36,3.35,0.000573413009988144
q_learning,Q-Learning,0.3,10,6,100048,4100048,2100048,1,67,34.0,0,17,36,6.7,0.000573413009988144
q_learning,Q-Learning,0.3,5,6,100048,4100048,2100048,1,67,34.0,0,17,36,13.4,0.000573413009988144
q_learning,Q-Learning,0.3,2,6,100048,4100048,2100048,1,67,34.0,0,17,36,33.5,0.000573413009988144
q_learning,Q-Learning,0.3,1,6,100048,4100048,2100048,1,67,34.0,0,17,36,67.0,0.000573413009988144
q_learning,Q-Learning,0.3,20,7,100049,4100049,2100049,1,80,17.0,1,21,37,4.0,0.0006848750017525163
q_learning,Q-Learning,0.3,10,7,100049,4100049,2100049,1,80,17.0,1,21,37,8.0,0.0006848750017525163
q_learning,Q-Learning,0.3,5,7,100049,4100049,2100049,1,80,17.0,1,21,37,16.0,0.0006848750017525163
q_learning,Q-Learning,0.3,2,7,100049,4100049,2100049,1,80,17.0,1,21,37,40.0,0.0006848750017525163
q_learning,Q-Learning,0.3,1,7,100049,4100049,2100049,1,80,17.0,1,21,37,80.0,0.0006848750017525163
q_learning,Q-Learning,0.3,20,8,100050,4100050,2100050,1,56,45.0,0,11,35,2.8,0.00048016699656727724
q_learning,Q-Learning,0.3,10,8,100050,4100050,2100050,1,56,45.0,0,11,35,5.6,0.00048016699656727724
q_learning,Q-Learning,0.3,5,8,100050,4100050,2100050,1,56,45.0,0,11,35,11.2,0.00048016699656727724
q_learning,Q-Learning,0.3,2,8,100050,4100050,2100050,1,56,45.0,0,11,35,28.0,0.00048016699656727724
q_learning,Q-Learning,0.3,1,8,100050,4100050,2100050,1,56,45.0,0,11,35,56.0,0.00048016699656727724
q_learning,Q-Learning,0.3,20,9,100051,4100051,2100051,1,73,24.0,1,21,36,3.65,0.0006261699963943101
q_learning,Q-Learning,0.3,10,9,100051,4100051,2100051,1,73,24.0,1,21,36,7.3,0.0006261699963943101
q_learning,Q-Learning,0.3,5,9,100051,4100051,2100051,1,73,24.0,1,21,36,14.6,0.0006261699963943101
q_learning,Q-Learning,0.3,2,9,100051,4100051,2100051,1,73,24.0,1,21,36,36.5,0.0006261699963943101
q_learning,Q-Learning,0.3,1,9,100051,4100051,2100051,1,73,24.0,1,21,36,73.0,0.0006261699963943101
q_learning,Q-Learning,0.3,20,10,100052,4100052,2100052,1,71,30.0,0,20,36,3.55,0.0006290459969022777
q_learning,Q-Learning,0.3,10,10,100052,4100052,2100052,1,71,30.0,0,20,36,7.1,0.0006290459969022777
q_learning,Q-Learning,0.3,5,10,100052,4100052,2100052,1,71,30.0,0,20,36,14.2,0.0006290459969022777
q_learning,Q-Learning,0.3,2,10,100052,4100052,2100052,1,71,30.0,0,20,36,35.5,0.0006290459969022777
q_learning,Q-Learning,0.3,1,10,100052,4100052,2100052,1,71,30.0,0,20,36,71.0,0.0006290459969022777
q_learning,Q-Learning,0.3,20,11,100053,4100053,2100053,1,80,21.0,0,25,35,4.0,0.0006870809920656029
q_learning,Q-Learning,0.3,10,11,100053,4100053,2100053,1,80,21.0,0,25,35,8.0,0.0006870809920656029
q_learning,Q-Learning,0.3,5,11,100053,4100053,2100053,1,80,21.0,0,25,35,16.0,0.0006870809920656029
q_learning,Q-Learning,0.3,2,11,100053,4100053,2100053,1,80,21.0,0,25,35,40.0,0.0006870809920656029
q_learning,Q-Learning,0.3,1,11,100053,4100053,2100053,1,80,21.0,0,25,35,80.0,0.0006870809920656029
q_learning,Q-Learning,0.3,20,12,100054,4100054,2100054,1,61,40.0,0,18,36,3.05,0.000525664978340501
q_learning,Q-Learning,0.3,10,12,100054,4100054,2100054,1,61,40.0,0,18,36,6.1,0.000525664978340501
q_learning,Q-Learning,0.3,5,12,100054,4100054,2100054,1,61,40.0,0,18,36,12.2,0.000525664978340501
q_learning,Q-Learning,0.3,2,12,100054,4100054,2100054,1,61,40.0,0,18,36,30.5,0.000525664978340501
q_learning,Q-Learning,0.3,1,12,100054,4100054,2100054,1,61,40.0,0,18,36,61.0,0.000525664978340501
q_learning,Q-Learning,0.3,20,13,100055,4100055,2100055,1,92,9.0,0,34,41,4.6,0.0007870000154071022
q_learning,Q-Learning,0.3,10,13,100055,4100055,2100055,1,92,9.0,0,34,41,9.2,0.0007870000154071022
q_learning,Q-Learning,0.3,5,13,100055,4100055,2100055,1,92,9.0,0,34,41,18.4,0.0007870000154071022
q_learning,Q-Learning,0.3,2,13,100055,4100055,2100055,1,92,9.0,0,34,41,46.0,0.0007870000154071022
q_learning,Q-Learning,0.3,1,13,100055,4100055,2100055,1,92,9.0,0,34,41,92.0,0.0007870000154071022
q_learning,Q-Learning,0.3,20,14,100056,4100056,2100056,1,70,31.0,0,19,36,3.5,0.0006001219844620209
q_learning,Q-Learning,0.3,10,14,100056,4100056,2100056,1,70,31.0,0,19,36,7.0,0.0006001219844620209
q_learning,Q-Learning,0.3,5,14,100056,4100056,2100056,1,70,31.0,0,19,36,14.0,0.0006001219844620209
q_learning,Q-Learning,0.3,2,14,100056,4100056,2100056,1,70,31.0,0,19,36,35.0,0.0006001219844620209
q_learning,Q-Learning,0.3,1,14,100056,4100056,2100056,1,70,31.0,0,19,36,70.0,0.0006001219844620209
q_learning,Q-Learning,0.3,20,15,100057,4100057,2100057,1,76,25.0,0,22,35,3.8,0.0006509570084745064
q_learning,Q-Learning,0.3,10,15,100057,4100057,2100057,1,76,25.0,0,22,35,7.6,0.0006509570084745064
q_learning,Q-Learning,0.3,5,15,100057,4100057,2100057,1,76,25.0,0,22,35,15.2,0.0006509570084745064
q_learning,Q-Learning,0.3,2,15,100057,4100057,2100057,1,76,25.0,0,22,35,38.0,0.0006509570084745064
q_learning,Q-Learning,0.3,1,15,100057,4100057,2100057,1,76,25.0,0,22,35,76.0,0.0006509570084745064
q_learning,Q-Learning,0.3,20,16,100058,4100058,2100058,1,75,26.0,0,23,35,3.75,0.000642998991679633
q_learning,Q-Learning,0.3,10,16,100058,4100058,2100058,1,75,26.0,0,23,35,7.5,0.000642998991679633
q_learning,Q-Learning,0.3,5,16,100058,4100058,2100058,1,75,26.0,0,23,35,15.0,0.000642998991679633
q_learning,Q-Learning,0.3,2,16,100058,4100058,2100058,1,75,26.0,0,23,35,37.5,0.000642998991679633
q_learning,Q-Learning,0.3,1,16,100058,4100058,2100058,1,75,26.0,0,23,35,75.0,0.000642998991679633
q_learning,Q-Learning,0.3,20,17,100059,4100059,2100059,1,66,35.0,0,13,36,3.3,0.0005653359767165966
q_learning,Q-Learning,0.3,10,17,100059,4100059,2100059,1,66,35.0,0,13,36,6.6,0.0005653359767165966
q_learning,Q-Learning,0.3,5,17,100059,4100059,2100059,1,66,35.0,0,13,36,13.2,0.0005653359767165966
q_learning,Q-Learning,0.3,2,17,100059,4100059,2100059,1,66,35.0,0,13,36,33.0,0.0005653359767165966
q_learning,Q-Learning,0.3,1,17,100059,4100059,2100059,1,66,35.0,0,13,36,66.0,0.0005653359767165966
q_learning,Q-Learning,0.3,20,18,100060,4100060,2100060,1,84,17.0,0,26,36,4.2,0.0007182159897638485
q_learning,Q-Learning,0.3,10,18,100060,4100060,2100060,1,84,17.0,0,26,36,8.4,0.0007182159897638485
q_learning,Q-Learning,0.3,5,18,100060,4100060,2100060,1,84,17.0,0,26,36,16.8,0.0007182159897638485
q_learning,Q-Learning,0.3,2,18,100060,4100060,2100060,1,84,17.0,0,26,36,42.0,0.0007182159897638485
q_learning,Q-Learning,0.3,1,18,100060,4100060,2100060,1,84,17.0,0,26,36,84.0,0.0007182159897638485
q_learning,Q-Learning,0.3,20,19,100061,4100061,2100061,1,62,39.0,0,18,35,3.1,0.0005326649989001453
q_learning,Q-Learning,0.3,10,19,100061,4100061,2100061,1,62,39.0,0,18,35,6.2,0.0005326649989001453
q_learning,Q-Learning,0.3,5,19,100061,4100061,2100061,1,62,39.0,0,18,35,12.4,0.0005326649989001453
q_learning,Q-Learning,0.3,2,19,100061,4100061,2100061,1,62,39.0,0,18,35,31.0,0.0005326649989001453
q_learning,Q-Learning,0.3,1,19,100061,4100061,2100061,1,62,39.0,0,18,35,62.0,0.0005326649989001453
q_learning,Q-Learning,0.3,20,20,100062,4100062,2100062,1,133,-32.0,0,50,41,6.65,0.001139708016125951
q_learning,Q-Learning,0.3,10,20,100062,4100062,2100062,1,133,-32.0,0,50,41,13.3,0.001139708016125951
q_learning,Q-Learning,0.3,5,20,100062,4100062,2100062,1,133,-32.0,0,50,41,26.6,0.001139708016125951
q_learning,Q-Learning,0.3,2,20,100062,4100062,2100062,1,133,-32.0,0,50,41,66.5,0.001139708016125951
q_learning,Q-Learning,0.3,1,20,100062,4100062,2100062,1,133,-32.0,0,50,41,133.0,0.001139708016125951
q_learning,Q-Learning,0.3,20,21,100063,4100063,2100063,1,60,41.0,0,13,35,3.0,0.0005146669827809092
q_learning,Q-Learning,0.3,10,21,100063,4100063,2100063,1,60,41.0,0,13,35,6.0,0.0005146669827809092
q_learning,Q-Learning,0.3,5,21,100063,4100063,2100063,1,60,41.0,0,13,35,12.0,0.0005146669827809092
q_learning,Q-Learning,0.3,2,21,100063,4100063,2100063,1,60,41.0,0,13,35,30.0,0.0005146669827809092
q_learning,Q-Learning,0.3,1,21,100063,4100063,2100063,1,60,41.0,0,13,35,60.0,0.0005146669827809092
q_learning,Q-Learning,0.3,20,22,100064,4100064,2100064,1,72,29.0,0,19,36,3.6,0.0006131689951871522
q_learning,Q-Learning,0.3,10,22,100064,4100064,2100064,1,72,29.0,0,19,36,7.2,0.0006131689951871522
q_learning,Q-Learning,0.3,5,22,100064,4100064,2100064,1,72,29.0,0,19,36,14.4,0.0006131689951871522
q_learning,Q-Learning,0.3,2,22,100064,4100064,2100064,1,72,29.0,0,19,36,36.0,0.0006131689951871522
q_learning,Q-Learning,0.3,1,22,100064,4100064,2100064,1,72,29.0,0,19,36,72.0,0.0006131689951871522
q_learning,Q-Learning,0.3,20,23,100065,4100065,2100065,1,79,14.0,2,25,36,3.95,0.0006845000243629329
q_learning,Q-Learning,0.3,10,23,100065,4100065,2100065,1,79,14.0,2,25,36,7.9,0.0006845000243629329
q_learning,Q-Learning,0.3,5,23,100065,4100065,2100065,1,79,14.0,2,25,36,15.8,0.0006845000243629329
q_learning,Q-Learning,0.3,2,23,100065,4100065,2100065,1,79,14.0,2,25,36,39.5,0.0006845000243629329
q_learning,Q-Learning,0.3,1,23,100065,4100065,2100065,1,79,14.0,2,25,36,79.0,0.0006845000243629329
q_learning,Q-Learning,0.3,20,24,100066,4100066,2100066,1,60,41.0,0,14,35,3.0,0.0005272109847282991
q_learning,Q-Learning,0.3,10,24,100066,4100066,2100066,1,60,41.0,0,14,35,6.0,0.0005272109847282991
q_learning,Q-Learning,0.3,5,24,100066,4100066,2100066,1,60,41.0,0,14,35,12.0,0.0005272109847282991
q_learning,Q-Learning,0.3,2,24,100066,4100066,2100066,1,60,41.0,0,14,35,30.0,0.0005272109847282991
q_learning,Q-Learning,0.3,1,24,100066,4100066,2100066,1,60,41.0,0,14,35,60.0,0.0005272109847282991
q_learning,Q-Learning,0.3,20,25,100067,4100067,2100067,1,71,30.0,0,23,36,3.55,0.0006068309921829496
q_learning,Q-Learning,0.3,10,25,100067,4100067,2100067,1,71,30.0,0,23,36,7.1,0.0006068309921829496
q_learning,Q-Learning,0.3,5,25,100067,4100067,2100067,1,71,30.0,0,23,36,14.2,0.0006068309921829496
q_learning,Q-Learning,0.3,2,25,100067,4100067,2100067,1,71,30.0,0,23,36,35.5,0.0006068309921829496
q_learning,Q-Learning,0.3,1,25,100067,4100067,2100067,1,71,30.0,0,23,36,71.0,0.0006068309921829496
q_learning,Q-Learning,0.3,20,26,100068,4100068,2100068,1,94,7.0,0,36,36,4.7,0.0008037950028665364
q_learning,Q-Learning,0.3,10,26,100068,4100068,2100068,1,94,7.0,0,36,36,9.4,0.0008037950028665364
q_learning,Q-Learning,0.3,5,26,100068,4100068,2100068,1,94,7.0,0,36,36,18.8,0.0008037950028665364
q_learning,Q-Learning,0.3,2,26,100068,4100068,2100068,1,94,7.0,0,36,36,47.0,0.0008037950028665364
q_learning,Q-Learning,0.3,1,26,100068,4100068,2100068,1,94,7.0,0,36,36,94.0,0.0008037950028665364
q_learning,Q-Learning,0.3,20,27,100069,4100069,2100069,1,63,38.0,0,18,35,3.15,0.0005397889872256201
q_learning,Q-Learning,0.3,10,27,100069,4100069,2100069,1,63,38.0,0,18,35,6.3,0.0005397889872256201
q_learning,Q-Learning,0.3,5,27,100069,4100069,2100069,1,63,38.0,0,18,35,12.6,0.0005397889872256201
q_learning,Q-Learning,0.3,2,27,100069,4100069,2100069,1,63,38.0,0,18,35,31.5,0.0005397889872256201
q_learning,Q-Learning,0.3,1,27,100069,4100069,2100069,1,63,38.0,0,18,35,63.0,0.0005397889872256201
q_learning,Q-Learning,0.3,20,28,100070,4100070,2100070,1,75,26.0,0,23,37,3.75,0.0006414580020646099
q_learning,Q-Learning,0.3,10,28,100070,4100070,2100070,1,75,26.0,0,23,37,7.5,0.0006414580020646099
q_learning,Q-Learning,0.3,5,28,100070,4100070,2100070,1,75,26.0,0,23,37,15.0,0.0006414580020646099
q_learning,Q-Learning,0.3,2,28,100070,4100070,2100070,1,75,26.0,0,23,37,37.5,0.0006414580020646099
q_learning,Q-Learning,0.3,1,28,100070,4100070,2100070,1,75,26.0,0,23,37,75.0,0.0006414580020646099
q_learning,Q-Learning,0.3,20,29,100071,4100071,2100071,1,73,28.0,0,23,39,3.65,0.0006262050083023496
q_learning,Q-Learning,0.3,10,29,100071,4100071,2100071,1,73,28.0,0,23,39,7.3,0.0006262050083023496
q_learning,Q-Learning,0.3,5,29,100071,4100071,2100071,1,73,28.0,0,23,39,14.6,0.0006262050083023496
q_learning,Q-Learning,0.3,2,29,100071,4100071,2100071,1,73,28.0,0,23,39,36.5,0.0006262050083023496
q_learning,Q-Learning,0.3,1,29,100071,4100071,2100071,1,73,28.0,0,23,39,73.0,0.0006262050083023496
q_learning,Q-Learning,0.4,20,0,100042,5100042,2100042,1,90,11.0,0,34,38,4.5,0.00077329199120868
q_learning,Q-Learning,0.4,10,0,100042,5100042,2100042,1,90,11.0,0,34,38,9.0,0.00077329199120868
q_learning,Q-Learning,0.4,5,0,100042,5100042,2100042,1,90,11.0,0,34,38,18.0,0.00077329199120868
q_learning,Q-Learning,0.4,2,0,100042,5100042,2100042,1,90,11.0,0,34,38,45.0,0.00077329199120868
q_learning,Q-Learning,0.4,1,0,100042,5100042,2100042,1,90,11.0,0,34,38,90.0,0.00077329199120868
q_learning,Q-Learning,0.4,20,1,100043,5100043,2100043,1,121,-20.0,0,51,40,6.05,0.00103279201357509
q_learning,Q-Learning,0.4,10,1,100043,5100043,2100043,1,121,-20.0,0,51,40,12.1,0.00103279201357509
q_learning,Q-Learning,0.4,5,1,100043,5100043,2100043,1,121,-20.0,0,51,40,24.2,0.00103279201357509
q_learning,Q-Learning,0.4,2,1,100043,5100043,2100043,1,121,-20.0,0,51,40,60.5,0.00103279201357509
q_learning,Q-Learning,0.4,1,1,100043,5100043,2100043,1,121,-20.0,0,51,40,121.0,0.00103279201357509
q_learning,Q-Learning,0.4,20,2,100044,5100044,2100044,1,73,28.0,0,23,40,3.65,0.0006251640043046791
q_learning,Q-Learning,0.4,10,2,100044,5100044,2100044,1,73,28.0,0,23,40,7.3,0.0006251640043046791
q_learning,Q-Learning,0.4,5,2,100044,5100044,2100044,1,73,28.0,0,23,40,14.6,0.0006251640043046791
q_learning,Q-Learning,0.4,2,2,100044,5100044,2100044,1,73,28.0,0,23,40,36.5,0.0006251640043046791
q_learning,Q-Learning,0.4,1,2,100044,5100044,2100044,1,73,28.0,0,23,40,73.0,0.0006251640043046791
q_learning,Q-Learning,0.4,20,3,100045,5100045,2100045,1,89,12.0,0,28,36,4.45,0.0007585020030091982
q_learning,Q-Learning,0.4,10,3,100045,5100045,2100045,1,89,12.0,0,28,36,8.9,0.0007585020030091982
q_learning,Q-Learning,0.4,5,3,100045,5100045,2100045,1,89,12.0,0,28,36,17.8,0.0007585020030091982
q_learning,Q-Learning,0.4,2,3,100045,5100045,2100045,1,89,12.0,0,28,36,44.5,0.0007585020030091982
q_learning,Q-Learning,0.4,1,3,100045,5100045,2100045,1,89,12.0,0,28,36,89.0,0.0007585020030091982
q_learning,Q-Learning,0.4,20,4,100046,5100046,2100046,1,101,0.0,0,43,38,5.05,0.0008689529859111644
q_learning,Q-Learning,0.4,10,4,100046,5100046,2100046,1,101,0.0,0,43,38,10.1,0.0008689529859111644
q_learning,Q-Learning,0.4,5,4,100046,5100046,2100046,1,101,0.0,0,43,38,20.2,0.0008689529859111644
q_learning,Q-Learning,0.4,2,4,100046,5100046,2100046,1,101,0.0,0,43,38,50.5,0.0008689529859111644
q_learning,Q-Learning,0.4,1,4,100046,5100046,2100046,1,101,0.0,0,43,38,101.0,0.0008689529859111644
q_learning,Q-Learning,0.4,20,5,100047,5100047,2100047,1,103,-10.0,2,43,42,5.15,0.0008821699884720147
q_learning,Q-Learning,0.4,10,5,100047,5100047,2100047,1,103,-10.0,2,43,42,10.3,0.0008821699884720147
q_learning,Q-Learning,0.4,5,5,100047,5100047,2100047,1,103,-10.0,2,43,42,20.6,0.0008821699884720147
q_learning,Q-Learning,0.4,2,5,100047,5100047,2100047,1,103,-10.0,2,43,42,51.5,0.0008821699884720147
q_learning,Q-Learning,0.4,1,5,100047,5100047,2100047,1,103,-10.0,2,43,42,103.0,0.0008821699884720147
q_learning,Q-Learning,0.4,20,6,100048,5100048,2100048,1,93,8.0,0,42,37,4.65,0.0007945010111143347
q_learning,Q-Learning,0.4,10,6,100048,5100048,2100048,1,93,8.0,0,42,37,9.3,0.0007945010111143347
q_learning,Q-Learning,0.4,5,6,100048,5100048,2100048,1,93,8.0,0,42,37,18.6,0.0007945010111143347
q_learning,Q-Learning,0.4,2,6,100048,5100048,2100048,1,93,8.0,0,42,37,46.5,0.0007945010111143347
q_learning,Q-Learning,0.4,1,6,100048,5100048,2100048,1,93,8.0,0,42,37,93.0,0.0007945010111143347
q_learning,Q-Learning,0.4,20,7,100049,5100049,2100049,1,106,-5.0,0,43,40,5.3,0.0009193759942718316
q_learning,Q-Learning,0.4,10,7,100049,5100049,2100049,1,106,-5.0,0,43,40,10.6,0.0009193759942718316
q_learning,Q-Learning,0.4,5,7,100049,5100049,2100049,1,106,-5.0,0,43,40,21.2,0.0009193759942718316
q_learning,Q-Learning,0.4,2,7,100049,5100049,2100049,1,106,-5.0,0,43,40,53.0,0.0009193759942718316
q_learning,Q-Learning,0.4,1,7,100049,5100049,2100049,1,106,-5.0,0,43,40,106.0,0.0009193759942718316
q_learning,Q-Learning,0.4,20,8,100050,5100050,2100050,1,112,-11.0,0,56,37,5.6,0.0009568739806127269
q_learning,Q-Learning,0.4,10,8,100050,5100050,2100050,1,112,-11.0,0,56,37,11.2,0.0009568739806127269
q_learning,Q-Learning,0.4,5,8,100050,5100050,2100050,1,112,-11.0,0,56,37,22.4,0.0009568739806127269
q_learning,Q-Learning,0.4,2,8,100050,5100050,2100050,1,112,-11.0,0,56,37,56.0,0.0009568739806127269
q_learning,Q-Learning,0.4,1,8,100050,5100050,2100050,1,112,-11.0,0,56,37,112.0,0.0009568739806127269
q_learning,Q-Learning,0.4,20,9,100051,5100051,2100051,1,75,26.0,0,25,36,3.75,0.0006398289879143704
q_learning,Q-Learning,0.4,10,9,100051,5100051,2100051,1,75,26.0,0,25,36,7.5,0.0006398289879143704
q_learning,Q-Learning,0.4,5,9,100051,5100051,2100051,1,75,26.0,0,25,36,15.0,0.0006398289879143704
q_learning,Q-Learning,0.4,2,9,100051,5100051,2100051,1,75,26.0,0,25,36,37.5,0.0006398289879143704
q_learning,Q-Learning,0.4,1,9,100051,5100051,2100051,1,75,26.0,0,25,36,75.0,0.0006398289879143704
q_learning,Q-Learning,0.4,20,10,100052,5100052,2100052,1,102,-1.0,0,43,39,5.1,0.0008700410180608742
q_learning,Q-Learning,0.4,10,10,100052,5100052,2100052,1,102,-1.0,0,43,39,10.2,0.0008700410180608742
q_learning,Q-Learning,0.4,5,10,100052,5100052,2100052,1,102,-1.0,0,43,39,20.4,0.0008700410180608742
q_learning,Q-Learning,0.4,2,10,100052,5100052,2100052,1,102,-1.0,0,43,39,51.0,0.0008700410180608742
q_learning,Q-Learning,0.4,1,10,100052,5100052,2100052,1,102,-1.0,0,43,39,102.0,0.0008700410180608742
q_learning,Q-Learning,0.4,20,11,100053,5100053,2100053,1,125,-24.0,0,53,48,6.25,0.0010692559771996457
q_learning,Q-Learning,0.4,10,11,100053,5100053,2100053,1,125,-24.0,0,53,48,12.5,0.0010692559771996457
q_learning,Q-Learning,0.4,5,11,100053,5100053,2100053,1,125,-24.0,0,53,48,25.0,0.0010692559771996457
q_learning,Q-Learning,0.4,2,11,100053,5100053,2100053,1,125,-24.0,0,53,48,62.5,0.0010692559771996457
q_learning,Q-Learning,0.4,1,11,100053,5100053,2100053,1,125,-24.0,0,53,48,125.0,0.0010692559771996457
q_learning,Q-Learning,0.4,20,12,100054,5100054,2100054,1,96,5.0,0,40,38,4.8,0.0008199569856515154
q_learning,Q-Learning,0.4,10,12,100054,5100054,2100054,1,96,5.0,0,40,38,9.6,0.0008199569856515154
q_learning,Q-Learning,0.4,5,12,100054,5100054,2100054,1,96,5.0,0,40,38,19.2,0.0008199569856515154
q_learning,Q-Learning,0.4,2,12,100054,5100054,2100054,1,96,5.0,0,40,38,48.0,0.0008199569856515154
q_learning,Q-Learning,0.4,1,12,100054,5100054,2100054,1,96,5.0,0,40,38,96.0,0.0008199569856515154
q_learning,Q-Learning,0.4,20,13,100055,5100055,2100055,1,77,24.0,0,23,37,3.85,0.0006584970251424238
q_learning,Q-Learning,0.4,10,13,100055,5100055,2100055,1,77,24.0,0,23,37,7.7,0.0006584970251424238
q_learning,Q-Learning,0.4,5,13,100055,5100055,2100055,1,77,24.0,0,23,37,15.4,0.0006584970251424238
q_learning,Q-Learning,0.4,2,13,100055,5100055,2100055,1,77,24.0,0,23,37,38.5,0.0006584970251424238
q_learning,Q-Learning,0.4,1,13,100055,5100055,2100055,1,77,24.0,0,23,37,77.0,0.0006584970251424238
q_learning,Q-Learning,0.4,20,14,100056,5100056,2100056,1,115,-18.0,1,54,41,5.75,0.0009838789883360732
q_learning,Q-Learning,0.4,10,14,100056,5100056,2100056,1,115,-18.0,1,54,41,11.5,0.0009838789883360732
q_learning,Q-Learning,0.4,5,14,100056,5100056,2100056,1,115,-18.0,1,54,41,23.0,0.0009838789883360732
q_learning,Q-Learning,0.4,2,14,100056,5100056,2100056,1,115,-18.0,1,54,41,57.5,0.0009838789883360732
q_learning,Q-Learning,0.4,1,14,100056,5100056,2100056,1,115,-18.0,1,54,41,115.0,0.0009838789883360732
q_learning,Q-Learning,0.4,20,15,100057,5100057,2100057,1,105,-4.0,0,40,38,5.25,0.0008960339982877485
q_learning,Q-Learning,0.4,10,15,100057,5100057,2100057,1,105,-4.0,0,40,38,10.5,0.0008960339982877485
q_learning,Q-Learning,0.4,5,15,100057,5100057,2100057,1,105,-4.0,0,40,38,21.0,0.0008960339982877485
q_learning,Q-Learning,0.4,2,15,100057,5100057,2100057,1,105,-4.0,0,40,38,52.5,0.0008960339982877485
q_learning,Q-Learning,0.4,1,15,100057,5100057,2100057,1,105,-4.0,0,40,38,105.0,0.0008960339982877485
q_learning,Q-Learning,0.4,20,16,100058,5100058,2100058,1,117,-16.0,0,52,44,5.85,0.0010215480106126051
q_learning,Q-Learning,0.4,10,16,100058,5100058,2100058,1,117,-16.0,0,52,44,11.7,0.0010215480106126051
q_learning,Q-Learning,0.4,5,16,100058,5100058,2100058,1,117,-16.0,0,52,44,23.4,0.0010215480106126051
q_learning,Q-Learning,0.4,2,16,100058,5100058,2100058,1,117,-16.0,0,52,44,58.5,0.0010215480106126051
q_learning,Q-Learning,0.4,1,16,100058,5100058,2100058,1,117,-16.0,0,52,44,117.0,0.0010215480106126051
q_learning,Q-Learning,0.4,20,17,100059,5100059,2100059,1,90,11.0,0,37,39,4.5,0.00077037799928803
q_learning,Q-Learning,0.4,10,17,100059,5100059,2100059,1,90,11.0,0,37,39,9.0,0.00077037799928803
q_learning,Q-Learning,0.4,5,17,100059,5100059,2100059,1,90,11.0,0,37,39,18.0,0.00077037799928803
q_learning,Q-Learning,0.4,2,17,100059,5100059,2100059,1,90,11.0,0,37,39,45.0,0.00077037799928803
q_learning,Q-Learning,0.4,1,17,100059,5100059,2100059,1,90,11.0,0,37,39,90.0,0.00077037799928803
q_learning,Q-Learning,0.4,20,18,100060,5100060,2100060,1,91,10.0,0,37,37,4.55,0.0007816670113243163
q_learning,Q-Learning,0.4,10,18,100060,5100060,2100060,1,91,10.0,0,37,37,9.1,0.0007816670113243163
q_learning,Q-Learning,0.4,5,18,100060,5100060,2100060,1,91,10.0,0,37,37,18.2,0.0007816670113243163
q_learning,Q-Learning,0.4,2,18,100060,5100060,2100060,1,91,10.0,0,37,37,45.5,0.0007816670113243163
q_learning,Q-Learning,0.4,1,18,100060,5100060,2100060,1,91,10.0,0,37,37,91.0,0.0007816670113243163
q_learning,Q-Learning,0.4,20,19,100061,5100061,2100061,1,90,11.0,0,41,38,4.5,0.000772830011555925
q_learning,Q-Learning,0.4,10,19,100061,5100061,2100061,1,90,11.0,0,41,38,9.0,0.000772830011555925
q_learning,Q-Learning,0.4,5,19,100061,5100061,2100061,1,90,11.0,0,41,38,18.0,0.000772830011555925
q_learning,Q-Learning,0.4,2,19,100061,5100061,2100061,1,90,11.0,0,41,38,45.0,0.000772830011555925
q_learning,Q-Learning,0.4,1,19,100061,5100061,2100061,1,90,11.0,0,41,38,90.0,0.000772830011555925
q_learning,Q-Learning,0.4,20,20,100062,5100062,2100062,1,79,22.0,0,24,37,3.95,0.0006749620151822455
q_learning,Q-Learning,0.4,10,20,100062,5100062,2100062,1,79,22.0,0,24,37,7.9,0.0006749620151822455
q_learning,Q-Learning,0.4,5,20,100062,5100062,2100062,1,79,22.0,0,24,37,15.8,0.0006749620151822455
q_learning,Q-Learning,0.4,2,20,100062,5100062,2100062,1,79,22.0,0,24,37,39.5,0.0006749620151822455
q_learning,Q-Learning,0.4,1,20,100062,5100062,2100062,1,79,22.0,0,24,37,79.0,0.0006749620151822455
q_learning,Q-Learning,0.4,20,21,100063,5100063,2100063,1,117,-16.0,0,56,43,5.85,0.001000671003566822
q_learning,Q-Learning,0.4,10,21,100063,5100063,2100063,1,117,-16.0,0,56,43,11.7,0.001000671003566822
q_learning,Q-Learning,0.4,5,21,100063,5100063,2100063,1,117,-16.0,0,56,43,23.4,0.001000671003566822
q_learning,Q-Learning,0.4,2,21,100063,5100063,2100063,1,117,-16.0,0,56,43,58.5,0.001000671003566822
q_learning,Q-Learning,0.4,1,21,100063,5100063,2100063,1,117,-16.0,0,56,43,117.0,0.001000671003566822
q_learning,Q-Learning,0.4,20,22,100064,5100064,2100064,1,127,-26.0,0,54,42,6.35,0.0010842910087376367
q_learning,Q-Learning,0.4,10,22,100064,5100064,2100064,1,127,-26.0,0,54,42,12.7,0.0010842910087376367
q_learning,Q-Learning,0.4,5,22,100064,5100064,2100064,1,127,-26.0,0,54,42,25.4,0.0010842910087376367
q_learning,Q-Learning,0.4,2,22,100064,5100064,2100064,1,127,-26.0,0,54,42,63.5,0.0010842910087376367
q_learning,Q-Learning,0.4,1,22,100064,5100064,2100064,1,127,-26.0,0,54,42,127.0,0.0010842910087376367
q_learning,Q-Learning,0.4,20,23,100065,5100065,2100065,1,76,25.0,0,23,37,3.8,0.0006734599992341828
q_learning,Q-Learning,0.4,10,23,100065,5100065,2100065,1,76,25.0,0,23,37,7.6,0.0006734599992341828
q_learning,Q-Learning,0.4,5,23,100065,5100065,2100065,1,76,25.0,0,23,37,15.2,0.0006734599992341828
q_learning,Q-Learning,0.4,2,23,100065,5100065,2100065,1,76,25.0,0,23,37,38.0,0.0006734599992341828
q_learning,Q-Learning,0.4,1,23,100065,5100065,2100065,1,76,25.0,0,23,37,76.0,0.0006734599992341828
q_learning,Q-Learning,0.4,20,24,100066,5100066,2100066,1,118,-17.0,0,52,38,5.9,0.0009951720348908566
q_learning,Q-Learning,0.4,10,24,100066,5100066,2100066,1,118,-17.0,0,52,38,11.8,0.0009951720348908566
q_learning,Q-Learning,0.4,5,24,100066,5100066,2100066,1,118,-17.0,0,52,38,23.6,0.0009951720348908566
q_learning,Q-Learning,0.4,2,24,100066,5100066,2100066,1,118,-17.0,0,52,38,59.0,0.0009951720348908566
q_learning,Q-Learning,0.4,1,24,100066,5100066,2100066,1,118,-17.0,0,52,38,118.0,0.0009951720348908566
q_learning,Q-Learning,0.4,20,25,100067,5100067,2100067,1,87,14.0,0,34,40,4.35,0.000732039006834384
q_learning,Q-Learning,0.4,10,25,100067,5100067,2100067,1,87,14.0,0,34,40,8.7,0.000732039006834384
q_learning,Q-Learning,0.4,5,25,100067,5100067,2100067,1,87,14.0,0,34,40,17.4,0.000732039006834384
q_learning,Q-Learning,0.4,2,25,100067,5100067,2100067,1,87,14.0,0,34,40,43.5,0.000732039006834384
q_learning,Q-Learning,0.4,1,25,100067,5100067,2100067,1,87,14.0,0,34,40,87.0,0.000732039006834384
q_learning,Q-Learning,0.4,20,26,100068,5100068,2100068,1,88,13.0,0,31,35,4.4,0.0007524989923695102
q_learning,Q-Learning,0.4,10,26,100068,5100068,2100068,1,88,13.0,0,31,35,8.8,0.0007524989923695102
q_learning,Q-Learning,0.4,5,26,100068,5100068,2100068,1,88,13.0,0,31,35,17.6,0.0007524989923695102
q_learning,Q-Learning,0.4,2,26,100068,5100068,2100068,1,88,13.0,0,31,35,44.0,0.0007524989923695102
q_learning,Q-Learning,0.4,1,26,100068,5100068,2100068,1,88,13.0,0,31,35,88.0,0.0007524989923695102
q_learning,Q-Learning,0.4,20,27,100069,5100069,2100069,1,74,27.0,0,25,35,3.7,0.0006249949838093016
q_learning,Q-Learning,0.4,10,27,100069,5100069,2100069,1,74,27.0,0,25,35,7.4,0.0006249949838093016
q_learning,Q-Learning,0.4,5,27,100069,5100069,2100069,1,74,27.0,0,25,35,14.8,0.0006249949838093016
q_learning,Q-Learning,0.4,2,27,100069,5100069,2100069,1,74,27.0,0,25,35,37.0,0.0006249949838093016
q_learning,Q-Learning,0.4,1,27,100069,5100069,2100069,1,74,27.0,0,25,35,74.0,0.0006249949838093016
q_learning,Q-Learning,0.4,20,28,100070,5100070,2100070,1,69,32.0,0,20,38,3.45,0.000593628006754443
q_learning,Q-Learning,0.4,10,28,100070,5100070,2100070,1,69,32.0,0,20,38,6.9,0.000593628006754443
q_learning,Q-Learning,0.4,5,28,100070,5100070,2100070,1,69,32.0,0,20,38,13.8,0.000593628006754443
q_learning,Q-Learning,0.4,2,28,100070,5100070,2100070,1,69,32.0,0,20,38,34.5,0.000593628006754443
q_learning,Q-Learning,0.4,1,28,100070,5100070,2100070,1,69,32.0,0,20,38,69.0,0.000593628006754443
q_learning,Q-Learning,0.4,20,29,100071,5100071,2100071,1,87,14.0,0,33,38,4.35,0.0007430810037476476
q_learning,Q-Learning,0.4,10,29,100071,5100071,2100071,1,87,14.0,0,33,38,8.7,0.0007430810037476476
q_learning,Q-Learning,0.4,5,29,100071,5100071,2100071,1,87,14.0,0,33,38,17.4,0.0007430810037476476
q_learning,Q-Learning,0.4,2,29,100071,5100071,2100071,1,87,14.0,0,33,38,43.5,0.0007430810037476476
q_learning,Q-Learning,0.4,1,29,100071,5100071,2100071,1,87,14.0,0,33,38,87.0,0.0007430810037476476
q_learning,Q-Learning,0.5,20,0,100042,6100042,2100042,1,200,-111.0,3,109,51,10.0,0.00170546200388344
q_learning,Q-Learning,0.5,10,0,100042,6100042,2100042,1,200,-111.0,3,109,51,20.0,0.00170546200388344
q_learning,Q-Learning,0.5,5,0,100042,6100042,2100042,1,200,-111.0,3,109,51,40.0,0.00170546200388344
q_learning,Q-Learning,0.5,2,0,100042,6100042,2100042,1,200,-111.0,3,109,51,100.0,0.00170546200388344
q_learning,Q-Learning,0.5,1,0,100042,6100042,2100042,1,200,-111.0,3,109,51,200.0,0.00170546200388344
q_learning,Q-Learning,0.5,20,1,100043,6100043,2100043,1,120,-19.0,0,57,38,6.0,0.0010215359725407325
q_learning,Q-Learning,0.5,10,1,100043,6100043,2100043,1,120,-19.0,0,57,38,12.0,0.0010215359725407325
q_learning,Q-Learning,0.5,5,1,100043,6100043,2100043,1,120,-19.0,0,57,38,24.0,0.0010215359725407325
q_learning,Q-Learning,0.5,2,1,100043,6100043,2100043,1,120,-19.0,0,57,38,60.0,0.0010215359725407325
q_learning,Q-Learning,0.5,1,1,100043,6100043,2100043,1,120,-19.0,0,57,38,120.0,0.0010215359725407325
q_learning,Q-Learning,0.5,20,2,100044,6100044,2100044,1,116,-19.0,1,52,42,5.8,0.0009914170041156467
q_learning,Q-Learning,0.5,10,2,100044,6100044,2100044,1,116,-19.0,1,52,42,11.6,0.0009914170041156467
q_learning,Q-Learning,0.5,5,2,100044,6100044,2100044,1,116,-19.0,1,52,42,23.2,0.0009914170041156467
q_learning,Q-Learning,0.5,2,2,100044,6100044,2100044,1,116,-19.0,1,52,42,58.0,0.0009914170041156467
q_learning,Q-Learning,0.5,1,2,100044,6100044,2100044,1,116,-19.0,1,52,42,116.0,0.0009914170041156467
q_learning,Q-Learning,0.5,20,3,100045,6100045,2100045,1,219,-118.0,0,122,48,10.95,0.0018652489889063872
q_learning,Q-Learning,0.5,10,3,100045,6100045,2100045,1,219,-118.0,0,122,48,21.9,0.0018652489889063872
q_learning,Q-Learning,0.5,5,3,100045,6100045,2100045,1,219,-118.0,0,122,48,43.8,0.0018652489889063872
q_learning,Q-Learning,0.5,2,3,100045,6100045,2100045,1,219,-118.0,0,122,48,109.5,0.0018652489889063872
q_learning,Q-Learning,0.5,1,3,100045,6100045,2100045,1,219,-118.0,0,122,48,219.0,0.0018652489889063872
q_learning,Q-Learning,0.5,20,4,100046,6100046,2100046,1,186,-85.0,0,98,44,9.3,0.0016218720193137415
q_learning,Q-Learning,0.5,10,4,100046,6100046,2100046,1,186,-85.0,0,98,44,18.6,0.0016218720193137415
q_learning,Q-Learning,0.5,5,4,100046,6100046,2100046,1,186,-85.0,0,98,44,37.2,0.0016218720193137415
q_learning,Q-Learning,0.5,2,4,100046,6100046,2100046,1,186,-85.0,0,98,44,93.0,0.0016218720193137415
q_learning,Q-Learning,0.5,1,4,100046,6100046,2100046,1,186,-85.0,0,98,44,186.0,0.0016218720193137415
q_learning,Q-Learning,0.5,20,5,100047,6100047,2100047,1,129,-32.0,1,59,46,6.45,0.0010990460141329095
q_learning,Q-Learning,0.5,10,5,100047,6100047,2100047,1,129,-32.0,1,59,46,12.9,0.0010990460141329095
q_learning,Q-Learning,0.5,5,5,100047,6100047,2100047,1,129,-32.0,1,59,46,25.8,0.0010990460141329095
q_learning,Q-Learning,0.5,2,5,100047,6100047,2100047,1,129,-32.0,1,59,46,64.5,0.0010990460141329095
q_learning,Q-Learning,0.5,1,5,100047,6100047,2100047,1,129,-32.0,1,59,46,129.0,0.0010990460141329095
q_learning,Q-Learning,0.5,20,6,100048,6100048,2100048,1,214,-113.0,0,124,43,10.7,0.0018210460293630604
q_learning,Q-Learning,0.5,10,6,100048,6100048,2100048,1,214,-113.0,0,124,43,21.4,0.0018210460293630604
q_learning,Q-Learning,0.5,5,6,100048,6100048,2100048,1,214,-113.0,0,124,43,42.8,0.0018210460293630604
q_learning,Q-Learning,0.5,2,6,100048,6100048,2100048,1,214,-113.0,0,124,43,107.0,0.0018210460293630604
q_learning,Q-Learning,0.5,1,6,100048,6100048,2100048,1,214,-113.0,0,124,43,214.0,0.0018210460293630604
q_learning,Q-Learning,0.5,20,7,100049,6100049,2100049,1,132,-31.0,0,66,47,6.6,0.0011277089870418422
q_learning,Q-Learning,0.5,10,7,100049,6100049,2100049,1,132,-31.0,0,66,47,13.2,0.0011277089870418422
q_learning,Q-Learning,0.5,5,7,100049,6100049,2100049,1,132,-31.0,0,66,47,26.4,0.0011277089870418422
q_learning,Q-Learning,0.5,2,7,100049,6100049,2100049,1,132,-31.0,0,66,47,66.0,0.0011277089870418422
q_learning,Q-Learning,0.5,1,7,100049,6100049,2100049,1,132,-31.0,0,66,47,132.0,0.0011277089870418422
q_learning,Q-Learning,0.5,20,8,100050,6100050,2100050,1,106,-5.0,0,46,42,5.3,0.0009020409852382727
q_learning,Q-Learning,0.5,10,8,100050,6100050,2100050,1,106,-5.0,0,46,42,10.6,0.0009020409852382727
q_learning,Q-Learning,0.5,5,8,100050,6100050,2100050,1,106,-5.0,0,46,42,21.2,0.0009020409852382727
q_learning,Q-Learning,0.5,2,8,100050,6100050,2100050,1,106,-5.0,0,46,42,53.0,0.0009020409852382727
q_learning,Q-Learning,0.5,1,8,100050,6100050,2100050,1,106,-5.0,0,46,42,106.0,0.0009020409852382727
q_learning,Q-Learning,0.5,20,9,100051,6100051,2100051,1,192,-115.0,6,101,56,9.6,0.0016321779949066695
q_learning,Q-Learning,0.5,10,9,100051,6100051,2100051,1,192,-115.0,6,101,56,19.2,0.0016321779949066695
q_learning,Q-Learning,0.5,5,9,100051,6100051,2100051,1,192,-115.0,6,101,56,38.4,0.0016321779949066695
q_learning,Q-Learning,0.5,2,9,100051,6100051,2100051,1,192,-115.0,6,101,56,96.0,0.0016321779949066695
q_learning,Q-Learning,0.5,1,9,100051,6100051,2100051,1,192,-115.0,6,101,56,192.0,0.0016321779949066695
q_learning,Q-Learning,0.5,20,10,100052,6100052,2100052,1,233,-132.0,0,119,48,11.65,0.001979873028176371
q_learning,Q-Learning,0.5,10,10,100052,6100052,2100052,1,233,-132.0,0,119,48,23.3,0.001979873028176371
q_learning,Q-Learning,0.5,5,10,100052,6100052,2100052,1,233,-132.0,0,119,48,46.6,0.001979873028176371
q_learning,Q-Learning,0.5,2,10,100052,6100052,2100052,1,233,-132.0,0,119,48,116.5,0.001979873028176371
q_learning,Q-Learning,0.5,1,10,100052,6100052,2100052,1,233,-132.0,0,119,48,233.0,0.001979873028176371
q_learning,Q-Learning,0.5,20,11,100053,6100053,2100053,1,186,-101.0,4,101,54,9.3,0.0016039680085668806
q_learning,Q-Learning,0.5,10,11,100053,6100053,2100053,1,186,-101.0,4,101,54,18.6,0.0016039680085668806
q_learning,Q-Learning,0.5,5,11,100053,6100053,2100053,1,186,-101.0,4,101,54,37.2,0.0016039680085668806
q_learning,Q-Learning,0.5,2,11,100053,6100053,2100053,1,186,-101.0,4,101,54,93.0,0.0016039680085668806
q_learning,Q-Learning,0.5,1,11,100053,6100053,2100053,1,186,-101.0,4,101,54,186.0,0.0016039680085668806
q_learning,Q-Learning,0.5,20,12,100054,6100054,2100054,1,129,-32.0,1,62,38,6.45,0.0011143809933855664
q_learning,Q-Learning,0.5,10,12,100054,6100054,2100054,1,129,-32.0,1,62,38,12.9,0.0011143809933855664
q_learning,Q-Learning,0.5,5,12,100054,6100054,2100054,1,129,-32.0,1,62,38,25.8,0.0011143809933855664
q_learning,Q-Learning,0.5,2,12,100054,6100054,2100054,1,129,-32.0,1,62,38,64.5,0.0011143809933855664
q_learning,Q-Learning,0.5,1,12,100054,6100054,2100054,1,129,-32.0,1,62,38,129.0,0.0011143809933855664
q_learning,Q-Learning,0.5,20,13,100055,6100055,2100055,1,201,-100.0,0,96,49,10.05,0.0017056200122169685
q_learning,Q-Learning,0.5,10,13,100055,6100055,2100055,1,201,-100.0,0,96,49,20.1,0.0017056200122169685
q_learning,Q-Learning,0.5,5,13,100055,6100055,2100055,1,201,-100.0,0,96,49,40.2,0.0017056200122169685
q_learning,Q-Learning,0.5,2,13,100055,6100055,2100055,1,201,-100.0,0,96,49,100.5,0.0017056200122169685
q_learning,Q-Learning,0.5,1,13,100055,6100055,2100055,1,201,-100.0,0,96,49,201.0,0.0017056200122169685
q_learning,Q-Learning,0.5,20,14,100056,6100056,2100056,1,138,-37.0,0,68,42,6.9,0.0011832470045192167
q_learning,Q-Learning,0.5,10,14,100056,6100056,2100056,1,138,-37.0,0,68,42,13.8,0.0011832470045192167
q_learning,Q-Learning,0.5,5,14,100056,6100056,2100056,1,138,-37.0,0,68,42,27.6,0.0011832470045192167
q_learning,Q-Learning,0.5,2,14,100056,6100056,2100056,1,138,-37.0,0,68,42,69.0,0.0011832470045192167
q_learning,Q-Learning,0.5,1,14,100056,6100056,2100056,1,138,-37.0,0,68,42,138.0,0.0011832470045192167
q_learning,Q-Learning,0.5,20,15,100057,6100057,2100057,1,130,-29.0,0,54,41,6.5,0.0011097099995822646
q_learning,Q-Learning,0.5,10,15,100057,6100057,2100057,1,130,-29.0,0,54,41,13.0,0.0011097099995822646
q_learning,Q-Learning,0.5,5,15,100057,6100057,2100057,1,130,-29.0,0,54,41,26.0,0.0011097099995822646
q_learning,Q-Learning,0.5,2,15,100057,6100057,2100057,1,130,-29.0,0,54,41,65.0,0.0011097099995822646
q_learning,Q-Learning,0.5,1,15,100057,6100057,2100057,1,130,-29.0,0,54,41,130.0,0.0011097099995822646
q_learning,Q-Learning,0.5,20,16,100058,6100058,2100058,1,170,-73.0,1,93,45,8.5,0.0014810879983997438
q_learning,Q-Learning,0.5,10,16,100058,6100058,2100058,1,170,-73.0,1,93,45,17.0,0.0014810879983997438
q_learning,Q-Learning,0.5,5,16,100058,6100058,2100058,1,170,-73.0,1,93,45,34.0,0.0014810879983997438
q_learning,Q-Learning,0.5,2,16,100058,6100058,2100058,1,170,-73.0,1,93,45,85.0,0.0014810879983997438
q_learning,Q-Learning,0.5,1,16,100058,6100058,2100058,1,170,-73.0,1,93,45,170.0,0.0014810879983997438
q_learning,Q-Learning,0.5,20,17,100059,6100059,2100059,1,199,-98.0,0,102,50,9.95,0.0017044480009644758
q_learning,Q-Learning,0.5,10,17,100059,6100059,2100059,1,199,-98.0,0,102,50,19.9,0.0017044480009644758
q_learning,Q-Learning,0.5,5,17,100059,6100059,2100059,1,199,-98.0,0,102,50,39.8,0.0017044480009644758
q_learning,Q-Learning,0.5,2,17,100059,6100059,2100059,1,199,-98.0,0,102,50,99.5,0.0017044480009644758
q_learning,Q-Learning,0.5,1,17,100059,6100059,2100059,1,199,-98.0,0,102,50,199.0,0.0017044480009644758
q_learning,Q-Learning,0.5,20,18,100060,6100060,2100060,1,154,-57.0,1,79,42,7.7,0.0013276259996928275
q_learning,Q-Learning,0.5,10,18,100060,6100060,2100060,1,154,-57.0,1,79,42,15.4,0.0013276259996928275
q_learning,Q-Learning,0.5,5,18,100060,6100060,2100060,1,154,-57.0,1,79,42,30.8,0.0013276259996928275
q_learning,Q-Learning,0.5,2,18,100060,6100060,2100060,1,154,-57.0,1,79,42,77.0,0.0013276259996928275
q_learning,Q-Learning,0.5,1,18,100060,6100060,2100060,1,154,-57.0,1,79,42,154.0,0.0013276259996928275
q_learning,Q-Learning,0.5,20,19,100061,6100061,2100061,1,144,-43.0,0,73,42,7.2,0.001230541012773756
q_learning,Q-Learning,0.5,10,19,100061,6100061,2100061,1,144,-43.0,0,73,42,14.4,0.001230541012773756
q_learning,Q-Learning,0.5,5,19,100061,6100061,2100061,1,144,-43.0,0,73,42,28.8,0.001230541012773756
q_learning,Q-Learning,0.5,2,19,100061,6100061,2100061,1,144,-43.0,0,73,42,72.0,0.001230541012773756
q_learning,Q-Learning,0.5,1,19,100061,6100061,2100061,1,144,-43.0,0,73,42,144.0,0.001230541012773756
q_learning,Q-Learning,0.5,20,20,100062,6100062,2100062,1,198,-97.0,0,102,53,9.9,0.0016863730234035756
q_learning,Q-Learning,0.5,10,20,100062,6100062,2100062,1,198,-97.0,0,102,53,19.8,0.0016863730234035756
q_learning,Q-Learning,0.5,5,20,100062,6100062,2100062,1,198,-97.0,0,102,53,39.6,0.0016863730234035756
q_learning,Q-Learning,0.5,2,20,100062,6100062,2100062,1,198,-97.0,0,102,53,99.0,0.0016863730234035756
q_learning,Q-Learning,0.5,1,20,100062,6100062,2100062,1,198,-97.0,0,102,53,198.0,0.0016863730234035756
q_learning,Q-Learning,0.5,20,21,100063,6100063,2100063,1,81,20.0,0,32,37,4.05,0.000695375998475356
q_learning,Q-Learning,0.5,10,21,100063,6100063,2100063,1,81,20.0,0,32,37,8.1,0.000695375998475356
q_learning,Q-Learning,0.5,5,21,100063,6100063,2100063,1,81,20.0,0,32,37,16.2,0.000695375998475356
q_learning,Q-Learning,0.5,2,21,100063,6100063,2100063,1,81,20.0,0,32,37,40.5,0.000695375998475356
q_learning,Q-Learning,0.5,1,21,100063,6100063,2100063,1,81,20.0,0,32,37,81.0,0.000695375998475356
q_learning,Q-Learning,0.5,20,22,100064,6100064,2100064,1,130,-29.0,0,60,43,6.5,0.0011082089949923102
q_learning,Q-Learning,0.5,10,22,100064,6100064,2100064,1,130,-29.0,0,60,43,13.0,0.0011082089949923102
q_learning,Q-Learning,0.5,5,22,100064,6100064,2100064,1,130,-29.0,0,60,43,26.0,0.0011082089949923102
q_learning,Q-Learning,0.5,2,22,100064,6100064,2100064,1,130,-29.0,0,60,43,65.0,0.0011082089949923102
q_learning,Q-Learning,0.5,1,22,100064,6100064,2100064,1,130,-29.0,0,60,43,130.0,0.0011082089949923102
q_learning,Q-Learning,0.5,20,23,100065,6100065,2100065,1,111,-10.0,0,51,37,5.55,0.0009470440054428764
q_learning,Q-Learning,0.5,10,23,100065,6100065,2100065,1,111,-10.0,0,51,37,11.1,0.0009470440054428764
q_learning,Q-Learning,0.5,5,23,100065,6100065,2100065,1,111,-10.0,0,51,37,22.2,0.0009470440054428764
q_learning,Q-Learning,0.5,2,23,100065,6100065,2100065,1,111,-10.0,0,51,37,55.5,0.0009470440054428764
q_learning,Q-Learning,0.5,1,23,100065,6100065,2100065,1,111,-10.0,0,51,37,111.0,0.0009470440054428764
q_learning,Q-Learning,0.5,20,24,100066,6100066,2100066,1,160,-59.0,0,81,49,8.0,0.0013686310048797168
q_learning,Q-Learning,0.5,10,24,100066,6100066,2100066,1,160,-59.0,0,81,49,16.0,0.0013686310048797168
q_learning,Q-Learning,0.5,5,24,100066,6100066,2100066,1,160,-59.0,0,81,49,32.0,0.0013686310048797168
q_learning,Q-Learning,0.5,2,24,100066,6100066,2100066,1,160,-59.0,0,81,49,80.0,0.0013686310048797168
q_learning,Q-Learning,0.5,1,24,100066,6100066,2100066,1,160,-59.0,0,81,49,160.0,0.0013686310048797168
q_learning,Q-Learning,0.5,20,25,100067,6100067,2100067,1,182,-81.0,0,88,68,9.1,0.0015564120076305699
q_learning,Q-Learning,0.5,10,25,100067,6100067,2100067,1,182,-81.0,0,88,68,18.2,0.0015564120076305699
q_learning,Q-Learning,0.5,5,25,100067,6100067,2100067,1,182,-81.0,0,88,68,36.4,0.0015564120076305699
q_learning,Q-Learning,0.5,2,25,100067,6100067,2100067,1,182,-81.0,0,88,68,91.0,0.0015564120076305699
q_learning,Q-Learning,0.5,1,25,100067,6100067,2100067,1,182,-81.0,0,88,68,182.0,0.0015564120076305699
q_learning,Q-Learning,0.5,20,26,100068,6100068,2100068,1,161,-60.0,0,80,42,8.05,0.0013753730308962986
q_learning,Q-Learning,0.5,10,26,100068,6100068,2100068,1,161,-60.0,0,80,42,16.1,0.0013753730308962986
q_learning,Q-Learning,0.5,5,26,100068,6100068,2100068,1,161,-60.0,0,80,42,32.2,0.0013753730308962986
q_learning,Q-Learning,0.5,2,26,100068,6100068,2100068,1,161,-60.0,0,80,42,80.5,0.0013753730308962986
q_learning,Q-Learning,0.5,1,26,100068,6100068,2100068,1,161,-60.0,0,80,42,161.0,0.0013753730308962986
q_learning,Q-Learning,0.5,20,27,100069,6100069,2100069,1,125,-24.0,0,65,42,6.25,0.0010669210059859324
q_learning,Q-Learning,0.5,10,27,100069,6100069,2100069,1,125,-24.0,0,65,42,12.5,0.0010669210059859324
q_learning,Q-Learning,0.5,5,27,100069,6100069,2100069,1,125,-24.0,0,65,42,25.0,0.0010669210059859324
q_learning,Q-Learning,0.5,2,27,100069,6100069,2100069,1,125,-24.0,0,65,42,62.5,0.0010669210059859324
q_learning,Q-Learning,0.5,1,27,100069,6100069,2100069,1,125,-24.0,0,65,42,125.0,0.0010669210059859324
q_learning,Q-Learning,0.5,20,28,100070,6100070,2100070,1,128,-27.0,0,61,42,6.4,0.001094374012609478
q_learning,Q-Learning,0.5,10,28,100070,6100070,2100070,1,128,-27.0,0,61,42,12.8,0.001094374012609478
q_learning,Q-Learning,0.5,5,28,100070,6100070,2100070,1,128,-27.0,0,61,42,25.6,0.001094374012609478
q_learning,Q-Learning,0.5,2,28,100070,6100070,2100070,1,128,-27.0,0,61,42,64.0,0.001094374012609478
q_learning,Q-Learning,0.5,1,28,100070,6100070,2100070,1,128,-27.0,0,61,42,128.0,0.001094374012609478
q_learning,Q-Learning,0.5,20,29,100071,6100071,2100071,1,163,-70.0,2,86,40,8.15,0.0013890910231566522
q_learning,Q-Learning,0.5,10,29,100071,6100071,2100071,1,163,-70.0,2,86,40,16.3,0.0013890910231566522
q_learning,Q-Learning,0.5,5,29,100071,6100071,2100071,1,163,-70.0,2,86,40,32.6,0.0013890910231566522
q_learning,Q-Learning,0.5,2,29,100071,6100071,2100071,1,163,-70.0,2,86,40,81.5,0.0013890910231566522
q_learning,Q-Learning,0.5,1,29,100071,6100071,2100071,1,163,-70.0,2,86,40,163.0,0.0013890910231566522
mcts,MCTS,0.0,20,0,200042,1200042,2200042,1,53,48.0,0,0,35,2.65,1.0366627939947648
mcts,MCTS,0.0,10,0,200042,1200042,2200042,1,53,48.0,0,0,35,5.3,1.0366627939947648
mcts,MCTS,0.0,5,0,200042,1200042,2200042,1,53,48.0,0,0,35,10.6,1.0366627939947648
mcts,MCTS,0.0,2,0,200042,1200042,2200042,1,53,48.0,0,0,35,26.5,1.0366627939947648
mcts,MCTS,0.0,1,0,200042,1200042,2200042,1,53,48.0,0,0,35,53.0,1.0366627939947648
mcts,MCTS,0.0,20,1,200043,1200043,2200043,1,74,27.0,0,0,35,3.7,1.7208500000124332
mcts,MCTS,0.0,10,1,200043,1200043,2200043,1,74,27.0,0,0,35,7.4,1.7208500000124332
mcts,MCTS,0.0,5,1,200043,1200043,2200043,1,74,27.0,0,0,35,14.8,1.7208500000124332
mcts,MCTS,0.0,2,1,200043,1200043,2200043,1,74,27.0,0,0,35,37.0,1.7208500000124332
mcts,MCTS,0.0,1,1,200043,1200043,2200043,1,74,27.0,0,0,35,74.0,1.7208500000124332
mcts,MCTS,0.0,20,2,200044,1200044,2200044,1,57,44.0,0,0,35,2.85,1.3012844209952164
mcts,MCTS,0.0,10,2,200044,1200044,2200044,1,57,44.0,0,0,35,5.7,1.3012844209952164
mcts,MCTS,0.0,5,2,200044,1200044,2200044,1,57,44.0,0,0,35,11.4,1.3012844209952164
mcts,MCTS,0.0,2,2,200044,1200044,2200044,1,57,44.0,0,0,35,28.5,1.3012844209952164
mcts,MCTS,0.0,1,2,200044,1200044,2200044,1,57,44.0,0,0,35,57.0,1.3012844209952164
mcts,MCTS,0.0,20,3,200045,1200045,2200045,1,67,34.0,0,0,35,3.35,1.6492656650298159
mcts,MCTS,0.0,10,3,200045,1200045,2200045,1,67,34.0,0,0,35,6.7,1.6492656650298159
mcts,MCTS,0.0,5,3,200045,1200045,2200045,1,67,34.0,0,0,35,13.4,1.6492656650298159
mcts,MCTS,0.0,2,3,200045,1200045,2200045,1,67,34.0,0,0,35,33.5,1.6492656650298159
mcts,MCTS,0.0,1,3,200045,1200045,2200045,1,67,34.0,0,0,35,67.0,1.6492656650298159
mcts,MCTS,0.0,20,4,200046,1200046,2200046,1,50,51.0,0,0,35,2.5,0.9413455850044556
mcts,MCTS,0.0,10,4,200046,1200046,2200046,1,50,51.0,0,0,35,5.0,0.9413455850044556
mcts,MCTS,0.0,5,4,200046,1200046,2200046,1,50,51.0,0,0,35,10.0,0.9413455850044556
mcts,MCTS,0.0,2,4,200046,1200046,2200046,1,50,51.0,0,0,35,25.0,0.9413455850044556
mcts,MCTS,0.0,1,4,200046,1200046,2200046,1,50,51.0,0,0,35,50.0,0.9413455850044556
mcts,MCTS,0.0,20,5,200047,1200047,2200047,1,46,55.0,0,0,35,2.3,0.9029501669901947
mcts,MCTS,0.0,10,5,200047,1200047,2200047,1,46,55.0,0,0,35,4.6,0.9029501669901947
mcts,MCTS,0.0,5,5,200047,1200047,2200047,1,46,55.0,0,0,35,9.2,0.9029501669901947
mcts,MCTS,0.0,2,5,200047,1200047,2200047,1,46,55.0,0,0,35,23.0,0.9029501669901947
mcts,MCTS,0.0,1,5,200047,1200047,2200047,1,46,55.0,0,0,35,46.0,0.9029501669901947
mcts,MCTS,0.0,20,6,200048,1200048,2200048,1,57,44.0,0,0,35,2.85,1.2764107919938397
mcts,MCTS,0.0,10,6,200048,1200048,2200048,1,57,44.0,0,0,35,5.7,1.2764107919938397
mcts,MCTS,0.0,5,6,200048,1200048,2200048,1,57,44.0,0,0,35,11.4,1.2764107919938397
mcts,MCTS,0.0,2,6,200048,1200048,2200048,1,57,44.0,0,0,35,28.5,1.2764107919938397
mcts,MCTS,0.0,1,6,200048,1200048,2200048,1,57,44.0,0,0,35,57.0,1.2764107919938397
mcts,MCTS,0.0,20,7,200049,1200049,2200049,1,45,56.0,0,0,35,2.25,0.8007786229754856
mcts,MCTS,0.0,10,7,200049,1200049,2200049,1,45,56.0,0,0,35,4.5,0.8007786229754856
mcts,MCTS,0.0,5,7,200049,1200049,2200049,1,45,56.0,0,0,35,9.0,0.8007786229754856
mcts,MCTS,0.0,2,7,200049,1200049,2200049,1,45,56.0,0,0,35,22.5,0.8007786229754856
mcts,MCTS,0.0,1,7,200049,1200049,2200049,1,45,56.0,0,0,35,45.0,0.8007786229754856
mcts,MCTS,0.0,20,8,200050,1200050,2200050,1,52,49.0,0,0,35,2.6,1.0762471230009396
mcts,MCTS,0.0,10,8,200050,1200050,2200050,1,52,49.0,0,0,35,5.2,1.0762471230009396
mcts,MCTS,0.0,5,8,200050,1200050,2200050,1,52,49.0,0,0,35,10.4,1.0762471230009396
mcts,MCTS,0.0,2,8,200050,1200050,2200050,1,52,49.0,0,0,35,26.0,1.0762471230009396
mcts,MCTS,0.0,1,8,200050,1200050,2200050,1,52,49.0,0,0,35,52.0,1.0762471230009396
mcts,MCTS,0.0,20,9,200051,1200051,2200051,1,60,41.0,0,0,35,3.0,1.4640599560043484
mcts,MCTS,0.0,10,9,200051,1200051,2200051,1,60,41.0,0,0,35,6.0,1.4640599560043484
mcts,MCTS,0.0,5,9,200051,1200051,2200051,1,60,41.0,0,0,35,12.0,1.4640599560043484
mcts,MCTS,0.0,2,9,200051,1200051,2200051,1,60,41.0,0,0,35,30.0,1.4640599560043484
mcts,MCTS,0.0,1,9,200051,1200051,2200051,1,60,41.0,0,0,35,60.0,1.4640599560043484
mcts,MCTS,0.0,20,10,200052,1200052,2200052,1,53,48.0,0,0,35,2.65,1.0247749510017456
mcts,MCTS,0.0,10,10,200052,1200052,2200052,1,53,48.0,0,0,35,5.3,1.0247749510017456
mcts,MCTS,0.0,5,10,200052,1200052,2200052,1,53,48.0,0,0,35,10.6,1.0247749510017456
mcts,MCTS,0.0,2,10,200052,1200052,2200052,1,53,48.0,0,0,35,26.5,1.0247749510017456
mcts,MCTS,0.0,1,10,200052,1200052,2200052,1,53,48.0,0,0,35,53.0,1.0247749510017456
mcts,MCTS,0.0,20,11,200053,1200053,2200053,1,45,56.0,0,0,35,2.25,0.8352288800233509
mcts,MCTS,0.0,10,11,200053,1200053,2200053,1,45,56.0,0,0,35,4.5,0.8352288800233509
mcts,MCTS,0.0,5,11,200053,1200053,2200053,1,45,56.0,0,0,35,9.0,0.8352288800233509
mcts,MCTS,0.0,2,11,200053,1200053,2200053,1,45,56.0,0,0,35,22.5,0.8352288800233509
mcts,MCTS,0.0,1,11,200053,1200053,2200053,1,45,56.0,0,0,35,45.0,0.8352288800233509
mcts,MCTS,0.0,20,12,200054,1200054,2200054,1,42,59.0,0,0,35,2.1,0.7545556239929283
mcts,MCTS,0.0,10,12,200054,1200054,2200054,1,42,59.0,0,0,35,4.2,0.7545556239929283
mcts,MCTS,0.0,5,12,200054,1200054,2200054,1,42,59.0,0,0,35,8.4,0.7545556239929283
mcts,MCTS,0.0,2,12,200054,1200054,2200054,1,42,59.0,0,0,35,21.0,0.7545556239929283
mcts,MCTS,0.0,1,12,200054,1200054,2200054,1,42,59.0,0,0,35,42.0,0.7545556239929283
mcts,MCTS,0.0,20,13,200055,1200055,2200055,1,40,61.0,0,0,35,2.0,0.7507276669966814
mcts,MCTS,0.0,10,13,200055,1200055,2200055,1,40,61.0,0,0,35,4.0,0.7507276669966814
mcts,MCTS,0.0,5,13,200055,1200055,2200055,1,40,61.0,0,0,35,8.0,0.7507276669966814
mcts,MCTS,0.0,2,13,200055,1200055,2200055,1,40,61.0,0,0,35,20.0,0.7507276669966814
mcts,MCTS,0.0,1,13,200055,1200055,2200055,1,40,61.0,0,0,35,40.0,0.7507276669966814
mcts,MCTS,0.0,20,14,200056,1200056,2200056,1,53,48.0,0,0,35,2.65,0.8445047909917776
mcts,MCTS,0.0,10,14,200056,1200056,2200056,1,53,48.0,0,0,35,5.3,0.8445047909917776
mcts,MCTS,0.0,5,14,200056,1200056,2200056,1,53,48.0,0,0,35,10.6,0.8445047909917776
mcts,MCTS,0.0,2,14,200056,1200056,2200056,1,53,48.0,0,0,35,26.5,0.8445047909917776
mcts,MCTS,0.0,1,14,200056,1200056,2200056,1,53,48.0,0,0,35,53.0,0.8445047909917776
mcts,MCTS,0.0,20,15,200057,1200057,2200057,1,63,38.0,0,0,37,3.15,1.5634680009789008
mcts,MCTS,0.0,10,15,200057,1200057,2200057,1,63,38.0,0,0,37,6.3,1.5634680009789008
mcts,MCTS,0.0,5,15,200057,1200057,2200057,1,63,38.0,0,0,37,12.6,1.5634680009789008
mcts,MCTS,0.0,2,15,200057,1200057,2200057,1,63,38.0,0,0,37,31.5,1.5634680009789008
mcts,MCTS,0.0,1,15,200057,1200057,2200057,1,63,38.0,0,0,37,63.0,1.5634680009789008
mcts,MCTS,0.0,20,16,200058,1200058,2200058,1,49,52.0,0,0,35,2.45,1.0152180429977307
mcts,MCTS,0.0,10,16,200058,1200058,2200058,1,49,52.0,0,0,35,4.9,1.0152180429977307
mcts,MCTS,0.0,5,16,200058,1200058,2200058,1,49,52.0,0,0,35,9.8,1.0152180429977307
mcts,MCTS,0.0,2,16,200058,1200058,2200058,1,49,52.0,0,0,35,24.5,1.0152180429977307
mcts,MCTS,0.0,1,16,200058,1200058,2200058,1,49,52.0,0,0,35,49.0,1.0152180429977307
mcts,MCTS,0.0,20,17,200059,1200059,2200059,1,55,46.0,0,0,37,2.75,1.122900418999052
mcts,MCTS,0.0,10,17,200059,1200059,2200059,1,55,46.0,0,0,37,5.5,1.122900418999052
mcts,MCTS,0.0,5,17,200059,1200059,2200059,1,55,46.0,0,0,37,11.0,1.122900418999052
mcts,MCTS,0.0,2,17,200059,1200059,2200059,1,55,46.0,0,0,37,27.5,1.122900418999052
mcts,MCTS,0.0,1,17,200059,1200059,2200059,1,55,46.0,0,0,37,55.0,1.122900418999052
mcts,MCTS,0.0,20,18,200060,1200060,2200060,1,52,49.0,0,0,35,2.6,1.0132920859905425
mcts,MCTS,0.0,10,18,200060,1200060,2200060,1,52,49.0,0,0,35,5.2,1.0132920859905425
mcts,MCTS,0.0,5,18,200060,1200060,2200060,1,52,49.0,0,0,35,10.4,1.0132920859905425
mcts,MCTS,0.0,2,18,200060,1200060,2200060,1,52,49.0,0,0,35,26.0,1.0132920859905425
mcts,MCTS,0.0,1,18,200060,1200060,2200060,1,52,49.0,0,0,35,52.0,1.0132920859905425
mcts,MCTS,0.0,20,19,200061,1200061,2200061,1,54,47.0,0,0,35,2.7,1.0119164979987545
mcts,MCTS,0.0,10,19,200061,1200061,2200061,1,54,47.0,0,0,35,5.4,1.0119164979987545
mcts,MCTS,0.0,5,19,200061,1200061,2200061,1,54,47.0,0,0,35,10.8,1.0119164979987545
mcts,MCTS,0.0,2,19,200061,1200061,2200061,1,54,47.0,0,0,35,27.0,1.0119164979987545
mcts,MCTS,0.0,1,19,200061,1200061,2200061,1,54,47.0,0,0,35,54.0,1.0119164979987545
mcts,MCTS,0.0,20,20,200062,1200062,2200062,1,49,52.0,0,0,35,2.45,1.0985007519957435
mcts,MCTS,0.0,10,20,200062,1200062,2200062,1,49,52.0,0,0,35,4.9,1.0985007519957435
mcts,MCTS,0.0,5,20,200062,1200062,2200062,1,49,52.0,0,0,35,9.8,1.0985007519957435
mcts,MCTS,0.0,2,20,200062,1200062,2200062,1,49,52.0,0,0,35,24.5,1.0985007519957435
mcts,MCTS,0.0,1,20,200062,1200062,2200062,1,49,52.0,0,0,35,49.0,1.0985007519957435
mcts,MCTS,0.0,20,21,200063,1200063,2200063,1,59,42.0,0,0,35,2.95,1.2354734990076395
mcts,MCTS,0.0,10,21,200063,1200063,2200063,1,59,42.0,0,0,35,5.9,1.2354734990076395
mcts,MCTS,0.0,5,21,200063,1200063,2200063,1,59,42.0,0,0,35,11.8,1.2354734990076395
mcts,MCTS,0.0,2,21,200063,1200063,2200063,1,59,42.0,0,0,35,29.5,1.2354734990076395
mcts,MCTS,0.0,1,21,200063,1200063,2200063,1,59,42.0,0,0,35,59.0,1.2354734990076395
mcts,MCTS,0.0,20,22,200064,1200064,2200064,1,54,47.0,0,0,35,2.7,1.0993255409885023
mcts,MCTS,0.0,10,22,200064,1200064,2200064,1,54,47.0,0,0,35,5.4,1.0993255409885023
mcts,MCTS,0.0,5,22,200064,1200064,2200064,1,54,47.0,0,0,35,10.8,1.0993255409885023
mcts,MCTS,0.0,2,22,200064,1200064,2200064,1,54,47.0,0,0,35,27.0,1.0993255409885023
mcts,MCTS,0.0,1,22,200064,1200064,2200064,1,54,47.0,0,0,35,54.0,1.0993255409885023
mcts,MCTS,0.0,20,23,200065,1200065,2200065,1,55,46.0,0,0,35,2.75,0.9778570369999215
mcts,MCTS,0.0,10,23,200065,1200065,2200065,1,55,46.0,0,0,35,5.5,0.9778570369999215
mcts,MCTS,0.0,5,23,200065,1200065,2200065,1,55,46.0,0,0,35,11.0,0.9778570369999215
mcts,MCTS,0.0,2,23,200065,1200065,2200065,1,55,46.0,0,0,35,27.5,0.9778570369999215
mcts,MCTS,0.0,1,23,200065,1200065,2200065,1,55,46.0,0,0,35,55.0,0.9778570369999215
mcts,MCTS,0.0,20,24,200066,1200066,2200066,1,50,51.0,0,0,35,2.5,1.0252500820097339
mcts,MCTS,0.0,10,24,200066,1200066,2200066,1,50,51.0,0,0,35,5.0,1.0252500820097339
mcts,MCTS,0.0,5,24,200066,1200066,2200066,1,50,51.0,0,0,35,10.0,1.0252500820097339
mcts,MCTS,0.0,2,24,200066,1200066,2200066,1,50,51.0,0,0,35,25.0,1.0252500820097339
mcts,MCTS,0.0,1,24,200066,1200066,2200066,1,50,51.0,0,0,35,50.0,1.0252500820097339
mcts,MCTS,0.0,20,25,200067,1200067,2200067,1,50,51.0,0,0,35,2.5,1.07077166700401
mcts,MCTS,0.0,10,25,200067,1200067,2200067,1,50,51.0,0,0,35,5.0,1.07077166700401
mcts,MCTS,0.0,5,25,200067,1200067,2200067,1,50,51.0,0,0,35,10.0,1.07077166700401
mcts,MCTS,0.0,2,25,200067,1200067,2200067,1,50,51.0,0,0,35,25.0,1.07077166700401
mcts,MCTS,0.0,1,25,200067,1200067,2200067,1,50,51.0,0,0,35,50.0,1.07077166700401
mcts,MCTS,0.0,20,26,200068,1200068,2200068,1,52,49.0,0,0,35,2.6,1.1410240010009147
mcts,MCTS,0.0,10,26,200068,1200068,2200068,1,52,49.0,0,0,35,5.2,1.1410240010009147
mcts,MCTS,0.0,5,26,200068,1200068,2200068,1,52,49.0,0,0,35,10.4,1.1410240010009147
mcts,MCTS,0.0,2,26,200068,1200068,2200068,1,52,49.0,0,0,35,26.0,1.1410240010009147
mcts,MCTS,0.0,1,26,200068,1200068,2200068,1,52,49.0,0,0,35,52.0,1.1410240010009147
mcts,MCTS,0.0,20,27,200069,1200069,2200069,1,74,27.0,0,0,37,3.7,1.6667447550098586
mcts,MCTS,0.0,10,27,200069,1200069,2200069,1,74,27.0,0,0,37,7.4,1.6667447550098586
mcts,MCTS,0.0,5,27,200069,1200069,2200069,1,74,27.0,0,0,37,14.8,1.6667447550098586
mcts,MCTS,0.0,2,27,200069,1200069,2200069,1,74,27.0,0,0,37,37.0,1.6667447550098586
mcts,MCTS,0.0,1,27,200069,1200069,2200069,1,74,27.0,0,0,37,74.0,1.6667447550098586
mcts,MCTS,0.0,20,28,200070,1200070,2200070,1,47,54.0,0,0,35,2.35,0.9017860389903944
mcts,MCTS,0.0,10,28,200070,1200070,2200070,1,47,54.0,0,0,35,4.7,0.9017860389903944
mcts,MCTS,0.0,5,28,200070,1200070,2200070,1,47,54.0,0,0,35,9.4,0.9017860389903944
mcts,MCTS,0.0,2,28,200070,1200070,2200070,1,47,54.0,0,0,35,23.5,0.9017860389903944
mcts,MCTS,0.0,1,28,200070,1200070,2200070,1,47,54.0,0,0,35,47.0,0.9017860389903944
mcts,MCTS,0.0,20,29,200071,1200071,2200071,1,58,43.0,0,0,35,2.9,1.0401270010042936
mcts,MCTS,0.0,10,29,200071,1200071,2200071,1,58,43.0,0,0,35,5.8,1.0401270010042936
mcts,MCTS,0.0,5,29,200071,1200071,2200071,1,58,43.0,0,0,35,11.6,1.0401270010042936
mcts,MCTS,0.0,2,29,200071,1200071,2200071,1,58,43.0,0,0,35,29.0,1.0401270010042936
mcts,MCTS,0.0,1,29,200071,1200071,2200071,1,58,43.0,0,0,35,58.0,1.0401270010042936
mcts,MCTS,0.1,20,0,200042,2200042,2200042,1,62,39.0,0,7,35,3.1,1.1989256229935563
mcts,MCTS,0.1,10,0,200042,2200042,2200042,1,62,39.0,0,7,35,6.2,1.1989256229935563
mcts,MCTS,0.1,5,0,200042,2200042,2200042,1,62,39.0,0,7,35,12.4,1.1989256229935563
mcts,MCTS,0.1,2,0,200042,2200042,2200042,1,62,39.0,0,7,35,31.0,1.1989256229935563
mcts,MCTS,0.1,1,0,200042,2200042,2200042,1,62,39.0,0,7,35,62.0,1.1989256229935563
mcts,MCTS,0.1,20,1,200043,2200043,2200043,1,65,36.0,0,6,35,3.25,1.3830752050089359
mcts,MCTS,0.1,10,1,200043,2200043,2200043,1,65,36.0,0,6,35,6.5,1.3830752050089359
mcts,MCTS,0.1,5,1,200043,2200043,2200043,1,65,36.0,0,6,35,13.0,1.3830752050089359
mcts,MCTS,0.1,2,1,200043,2200043,2200043,1,65,36.0,0,6,35,32.5,1.3830752050089359
mcts,MCTS,0.1,1,1,200043,2200043,2200043,1,65,36.0,0,6,35,65.0,1.3830752050089359
mcts,MCTS,0.1,20,2,200044,2200044,2200044,1,86,15.0,0,11,35,4.3,1.9130803710067994
mcts,MCTS,0.1,10,2,200044,2200044,2200044,1,86,15.0,0,11,35,8.6,1.9130803710067994
mcts,MCTS,0.1,5,2,200044,2200044,2200044,1,86,15.0,0,11,35,17.2,1.9130803710067994
mcts,MCTS,0.1,2,2,200044,2200044,2200044,1,86,15.0,0,11,35,43.0,1.9130803710067994
mcts,MCTS,0.1,1,2,200044,2200044,2200044,1,86,15.0,0,11,35,86.0,1.9130803710067994
mcts,MCTS,0.1,20,3,200045,2200045,2200045,1,86,15.0,0,8,39,4.3,1.9930487080200692
mcts,MCTS,0.1,10,3,200045,2200045,2200045,1,86,15.0,0,8,39,8.6,1.9930487080200692
mcts,MCTS,0.1,5,3,200045,2200045,2200045,1,86,15.0,0,8,39,17.2,1.9930487080200692
mcts,MCTS,0.1,2,3,200045,2200045,2200045,1,86,15.0,0,8,39,43.0,1.9930487080200692
mcts,MCTS,0.1,1,3,200045,2200045,2200045,1,86,15.0,0,8,39,86.0,1.9930487080200692
mcts,MCTS,0.1,20,4,200046,2200046,2200046,1,67,34.0,0,13,35,3.35,1.0529666280053789
mcts,MCTS,0.1,10,4,200046,2200046,2200046,1,67,34.0,0,13,35,6.7,1.0529666280053789
mcts,MCTS,0.1,5,4,200046,2200046,2200046,1,67,34.0,0,13,35,13.4,1.0529666280053789
mcts,MCTS,0.1,2,4,200046,2200046,2200046,1,67,34.0,0,13,35,33.5,1.0529666280053789
mcts,MCTS,0.1,1,4,200046,2200046,2200046,1,67,34.0,0,13,35,67.0,1.0529666280053789
mcts,MCTS,0.1,20,5,200047,2200047,2200047,1,77,24.0,0,11,36,3.85,1.6965019609997398
mcts,MCTS,0.1,10,5,200047,2200047,2200047,1,77,24.0,0,11,36,7.7,1.6965019609997398
mcts,MCTS,0.1,5,5,200047,2200047,2200047,1,77,24.0,0,11,36,15.4,1.6965019609997398
mcts,MCTS,0.1,2,5,200047,2200047,2200047,1,77,24.0,0,11,36,38.5,1.6965019609997398
mcts,MCTS,0.1,1,5,200047,2200047,2200047,1,77,24.0,0,11,36,77.0,1.6965019609997398
mcts,MCTS,0.1,20,6,200048,2200048,2200048,1,54,47.0,0,3,35,2.7,1.2514673739933642
mcts,MCTS,0.1,10,6,200048,2200048,2200048,1,54,47.0,0,3,35,5.4,1.2514673739933642
mcts,MCTS,0.1,5,6,200048,2200048,2200048,1,54,47.0,0,3,35,10.8,1.2514673739933642
mcts,MCTS,0.1,2,6,200048,2200048,2200048,1,54,47.0,0,3,35,27.0,1.2514673739933642
mcts,MCTS,0.1,1,6,200048,2200048,2200048,1,54,47.0,0,3,35,54.0,1.2514673739933642
mcts,MCTS,0.1,20,7,200049,2200049,2200049,1,63,34.0,1,6,37,3.15,1.1851542920121574
mcts,MCTS,0.1,10,7,200049,2200049,2200049,1,63,34.0,1,6,37,6.3,1.1851542920121574
mcts,MCTS,0.1,5,7,200049,2200049,2200049,1,63,34.0,1,6,37,12.6,1.1851542920121574
mcts,MCTS,0.1,2,7,200049,2200049,2200049,1,63,34.0,1,6,37,31.5,1.1851542920121574
mcts,MCTS,0.1,1,7,200049,2200049,2200049,1,63,34.0,1,6,37,63.0,1.1851542920121574
mcts,MCTS,0.1,20,8,200050,2200050,2200050,1,77,24.0,0,8,35,3.85,1.6728891620077775
mcts,MCTS,0.1,10,8,200050,2200050,2200050,1,77,24.0,0,8,35,7.7,1.6728891620077775
mcts,MCTS,0.1,5,8,200050,2200050,2200050,1,77,24.0,0,8,35,15.4,1.6728891620077775
mcts,MCTS,0.1,2,8,200050,2200050,2200050,1,77,24.0,0,8,35,38.5,1.6728891620077775
mcts,MCTS,0.1,1,8,200050,2200050,2200050,1,77,24.0,0,8,35,77.0,1.6728891620077775
mcts,MCTS,0.1,20,9,200051,2200051,2200051,1,73,28.0,0,6,35,3.65,1.8993045799761603
mcts,MCTS,0.1,10,9,200051,2200051,2200051,1,73,28.0,0,6,35,7.3,1.8993045799761603
mcts,MCTS,0.1,5,9,200051,2200051,2200051,1,73,28.0,0,6,35,14.6,1.8993045799761603
mcts,MCTS,0.1,2,9,200051,2200051,2200051,1,73,28.0,0,6,35,36.5,1.8993045799761603
mcts,MCTS,0.1,1,9,200051,2200051,2200051,1,73,28.0,0,6,35,73.0,1.8993045799761603
mcts,MCTS,0.1,20,10,200052,2200052,2200052,1,65,36.0,0,10,37,3.25,1.3832351679884596
mcts,MCTS,0.1,10,10,200052,2200052,2200052,1,65,36.0,0,10,37,6.5,1.3832351679884596
mcts,MCTS,0.1,5,10,200052,2200052,2200052,1,65,36.0,0,10,37,13.0,1.3832351679884596
mcts,MCTS,0.1,2,10,200052,2200052,2200052,1,65,36.0,0,10,37,32.5,1.3832351679884596
mcts,MCTS,0.1,1,10,200052,2200052,2200052,1,65,36.0,0,10,37,65.0,1.3832351679884596
mcts,MCTS,0.1,20,11,200053,2200053,2200053,1,53,48.0,0,6,35,2.65,0.9859972070044023
mcts,MCTS,0.1,10,11,200053,2200053,2200053,1,53,48.0,0,6,35,5.3,0.9859972070044023
mcts,MCTS,0.1,5,11,200053,2200053,2200053,1,53,48.0,0,6,35,10.6,0.9859972070044023
mcts,MCTS,0.1,2,11,200053,2200053,2200053,1,53,48.0,0,6,35,26.5,0.9859972070044023
mcts,MCTS,0.1,1,11,200053,2200053,2200053,1,53,48.0,0,6,35,53.0,0.9859972070044023
mcts,MCTS,0.1,20,12,200054,2200054,2200054,1,62,39.0,0,8,35,3.1,1.152845544002048
mcts,MCTS,0.1,10,12,200054,2200054,2200054,1,62,39.0,0,8,35,6.2,1.152845544002048
mcts,MCTS,0.1,5,12,200054,2200054,2200054,1,62,39.0,0,8,35,12.4,1.152845544002048
mcts,MCTS,0.1,2,12,200054,2200054,2200054,1,62,39.0,0,8,35,31.0,1.152845544002048
mcts,MCTS,0.1,1,12,200054,2200054,2200054,1,62,39.0,0,8,35,62.0,1.152845544002048
mcts,MCTS,0.1,20,13,200055,2200055,2200055,1,64,37.0,0,8,37,3.2,1.305961710997508
mcts,MCTS,0.1,10,13,200055,2200055,2200055,1,64,37.0,0,8,37,6.4,1.305961710997508
mcts,MCTS,0.1,5,13,200055,2200055,2200055,1,64,37.0,0,8,37,12.8,1.305961710997508
mcts,MCTS,0.1,2,13,200055,2200055,2200055,1,64,37.0,0,8,37,32.0,1.305961710997508
mcts,MCTS,0.1,1,13,200055,2200055,2200055,1,64,37.0,0,8,37,64.0,1.305961710997508
mcts,MCTS,0.1,20,14,200056,2200056,2200056,1,53,48.0,0,6,35,2.65,0.9268755040066026
mcts,MCTS,0.1,10,14,200056,2200056,2200056,1,53,48.0,0,6,35,5.3,0.9268755040066026
mcts,MCTS,0.1,5,14,200056,2200056,2200056,1,53,48.0,0,6,35,10.6,0.9268755040066026
mcts,MCTS,0.1,2,14,200056,2200056,2200056,1,53,48.0,0,6,35,26.5,0.9268755040066026
mcts,MCTS,0.1,1,14,200056,2200056,2200056,1,53,48.0,0,6,35,53.0,0.9268755040066026
mcts,MCTS,0.1,20,15,200057,2200057,2200057,1,67,34.0,0,6,37,3.35,1.6117515439909766
mcts,MCTS,0.1,10,15,200057,2200057,2200057,1,67,34.0,0,6,37,6.7,1.6117515439909766
mcts,MCTS,0.1,5,15,200057,2200057,2200057,1,67,34.0,0,6,37,13.4,1.6117515439909766
mcts,MCTS,0.1,2,15,200057,2200057,2200057,1,67,34.0,0,6,37,33.5,1.6117515439909766
mcts,MCTS,0.1,1,15,200057,2200057,2200057,1,67,34.0,0,6,37,67.0,1.6117515439909766
mcts,MCTS,0.1,20,16,200058,2200058,2200058,1,50,51.0,0,2,35,2.5,1.0324382449980476
mcts,MCTS,0.1,10,16,200058,2200058,2200058,1,50,51.0,0,2,35,5.0,1.0324382449980476
mcts,MCTS,0.1,5,16,200058,2200058,2200058,1,50,51.0,0,2,35,10.0,1.0324382449980476
mcts,MCTS,0.1,2,16,200058,2200058,2200058,1,50,51.0,0,2,35,25.0,1.0324382449980476
mcts,MCTS,0.1,1,16,200058,2200058,2200058,1,50,51.0,0,2,35,50.0,1.0324382449980476
mcts,MCTS,0.1,20,17,200059,2200059,2200059,1,62,39.0,0,4,37,3.1,1.2148445869934221
mcts,MCTS,0.1,10,17,200059,2200059,2200059,1,62,39.0,0,4,37,6.2,1.2148445869934221
mcts,MCTS,0.1,5,17,200059,2200059,2200059,1,62,39.0,0,4,37,12.4,1.2148445869934221
mcts,MCTS,0.1,2,17,200059,2200059,2200059,1,62,39.0,0,4,37,31.0,1.2148445869934221
mcts,MCTS,0.1,1,17,200059,2200059,2200059,1,62,39.0,0,4,37,62.0,1.2148445869934221
mcts,MCTS,0.1,20,18,200060,2200060,2200060,1,69,32.0,0,7,37,3.45,1.5275395909775398
mcts,MCTS,0.1,10,18,200060,2200060,2200060,1,69,32.0,0,7,37,6.9,1.5275395909775398
mcts,MCTS,0.1,5,18,200060,2200060,2200060,1,69,32.0,0,7,37,13.8,1.5275395909775398
mcts,MCTS,0.1,2,18,200060,2200060,2200060,1,69,32.0,0,7,37,34.5,1.5275395909775398
mcts,MCTS,0.1,1,18,200060,2200060,2200060,1,69,32.0,0,7,37,69.0,1.5275395909775398
mcts,MCTS,0.1,20,19,200061,2200061,2200061,1,93,4.0,1,18,38,4.65,2.1278831220079155
mcts,MCTS,0.1,10,19,200061,2200061,2200061,1,93,4.0,1,18,38,9.3,2.1278831220079155
mcts,MCTS,0.1,5,19,200061,2200061,2200061,1,93,4.0,1,18,38,18.6,2.1278831220079155
mcts,MCTS,0.1,2,19,200061,2200061,2200061,1,93,4.0,1,18,38,46.5,2.1278831220079155
mcts,MCTS,0.1,1,19,200061,2200061,2200061,1,93,4.0,1,18,38,93.0,2.1278831220079155
mcts,MCTS,0.1,20,20,200062,2200062,2200062,1,60,41.0,0,4,37,3.0,1.3165151349930966
mcts,MCTS,0.1,10,20,200062,2200062,2200062,1,60,41.0,0,4,37,6.0,1.3165151349930966
mcts,MCTS,0.1,5,20,200062,2200062,2200062,1,60,41.0,0,4,37,12.0,1.3165151349930966
mcts,MCTS,0.1,2,20,200062,2200062,2200062,1,60,41.0,0,4,37,30.0,1.3165151349930966
mcts,MCTS,0.1,1,20,200062,2200062,2200062,1,60,41.0,0,4,37,60.0,1.3165151349930966
mcts,MCTS,0.1,20,21,200063,2200063,2200063,1,59,42.0,0,4,35,2.95,1.2169663779932307
mcts,MCTS,0.1,10,21,200063,2200063,2200063,1,59,42.0,0,4,35,5.9,1.2169663779932307
mcts,MCTS,0.1,5,21,200063,2200063,2200063,1,59,42.0,0,4,35,11.8,1.2169663779932307
mcts,MCTS,0.1,2,21,200063,2200063,2200063,1,59,42.0,0,4,35,29.5,1.2169663779932307
mcts,MCTS,0.1,1,21,200063,2200063,2200063,1,59,42.0,0,4,35,59.0,1.2169663779932307
mcts,MCTS,0.1,20,22,200064,2200064,2200064,1,64,37.0,0,3,36,3.2,1.492407631012611
mcts,MCTS,0.1,10,22,200064,2200064,2200064,1,64,37.0,0,3,36,6.4,1.492407631012611
mcts,MCTS,0.1,5,22,200064,2200064,2200064,1,64,37.0,0,3,36,12.8,1.492407631012611
mcts,MCTS,0.1,2,22,200064,2200064,2200064,1,64,37.0,0,3,36,32.0,1.492407631012611
mcts,MCTS,0.1,1,22,200064,2200064,2200064,1,64,37.0,0,3,36,64.0,1.492407631012611
mcts,MCTS,0.1,20,23,200065,2200065,2200065,1,67,34.0,0,10,35,3.35,1.1968728750071023
mcts,MCTS,0.1,10,23,200065,2200065,2200065,1,67,34.0,0,10,35,6.7,1.1968728750071023
mcts,MCTS,0.1,5,23,200065,2200065,2200065,1,67,34.0,0,10,35,13.4,1.1968728750071023
mcts,MCTS,0.1,2,23,200065,2200065,2200065,1,67,34.0,0,10,35,33.5,1.1968728750071023
mcts,MCTS,0.1,1,23,200065,2200065,2200065,1,67,34.0,0,10,35,67.0,1.1968728750071023
mcts,MCTS,0.1,20,24,200066,2200066,2200066,1,79,22.0,0,13,37,3.95,1.6291837510034384
mcts,MCTS,0.1,10,24,200066,2200066,2200066,1,79,22.0,0,13,37,7.9,1.6291837510034384
mcts,MCTS,0.1,5,24,200066,2200066,2200066,1,79,22.0,0,13,37,15.8,1.6291837510034384
mcts,MCTS,0.1,2,24,200066,2200066,2200066,1,79,22.0,0,13,37,39.5,1.6291837510034384
mcts,MCTS,0.1,1,24,200066,2200066,2200066,1,79,22.0,0,13,37,79.0,1.6291837510034384
mcts,MCTS,0.1,20,25,200067,2200067,2200067,1,64,37.0,0,8,36,3.2,1.4083669220090087
mcts,MCTS,0.1,10,25,200067,2200067,2200067,1,64,37.0,0,8,36,6.4,1.4083669220090087
mcts,MCTS,0.1,5,25,200067,2200067,2200067,1,64,37.0,0,8,36,12.8,1.4083669220090087
mcts,MCTS,0.1,2,25,200067,2200067,2200067,1,64,37.0,0,8,36,32.0,1.4083669220090087
mcts,MCTS,0.1,1,25,200067,2200067,2200067,1,64,37.0,0,8,36,64.0,1.4083669220090087
mcts,MCTS,0.1,20,26,200068,2200068,2200068,1,68,33.0,0,9,35,3.4,1.388257292983326
mcts,MCTS,0.1,10,26,200068,2200068,2200068,1,68,33.0,0,9,35,6.8,1.388257292983326
mcts,MCTS,0.1,5,26,200068,2200068,2200068,1,68,33.0,0,9,35,13.6,1.388257292983326
mcts,MCTS,0.1,2,26,200068,2200068,2200068,1,68,33.0,0,9,35,34.0,1.388257292983326
mcts,MCTS,0.1,1,26,200068,2200068,2200068,1,68,33.0,0,9,35,68.0,1.388257292983326
mcts,MCTS,0.1,20,27,200069,2200069,2200069,1,56,45.0,0,6,35,2.8,1.0190353320031136
mcts,MCTS,0.1,10,27,200069,2200069,2200069,1,56,45.0,0,6,35,5.6,1.0190353320031136
mcts,MCTS,0.1,5,27,200069,2200069,2200069,1,56,45.0,0,6,35,11.2,1.0190353320031136
mcts,MCTS,0.1,2,27,200069,2200069,2200069,1,56,45.0,0,6,35,28.0,1.0190353320031136
mcts,MCTS,0.1,1,27,200069,2200069,2200069,1,56,45.0,0,6,35,56.0,1.0190353320031136
mcts,MCTS,0.1,20,28,200070,2200070,2200070,1,49,52.0,0,3,35,2.45,0.8824106689935434
mcts,MCTS,0.1,10,28,200070,2200070,2200070,1,49,52.0,0,3,35,4.9,0.8824106689935434
mcts,MCTS,0.1,5,28,200070,2200070,2200070,1,49,52.0,0,3,35,9.8,0.8824106689935434
mcts,MCTS,0.1,2,28,200070,2200070,2200070,1,49,52.0,0,3,35,24.5,0.8824106689935434
mcts,MCTS,0.1,1,28,200070,2200070,2200070,1,49,52.0,0,3,35,49.0,0.8824106689935434
mcts,MCTS,0.1,20,29,200071,2200071,2200071,1,60,41.0,0,6,35,3.0,1.0839697920055187
mcts,MCTS,0.1,10,29,200071,2200071,2200071,1,60,41.0,0,6,35,6.0,1.0839697920055187
mcts,MCTS,0.1,5,29,200071,2200071,2200071,1,60,41.0,0,6,35,12.0,1.0839697920055187
mcts,MCTS,0.1,2,29,200071,2200071,2200071,1,60,41.0,0,6,35,30.0,1.0839697920055187
mcts,MCTS,0.1,1,29,200071,2200071,2200071,1,60,41.0,0,6,35,60.0,1.0839697920055187
mcts,MCTS,0.2,20,0,200042,3200042,2200042,1,82,19.0,0,16,36,4.1,1.9123592570067558
mcts,MCTS,0.2,10,0,200042,3200042,2200042,1,82,19.0,0,16,36,8.2,1.9123592570067558
mcts,MCTS,0.2,5,0,200042,3200042,2200042,1,82,19.0,0,16,36,16.4,1.9123592570067558
mcts,MCTS,0.2,2,0,200042,3200042,2200042,1,82,19.0,0,16,36,41.0,1.9123592570067558
mcts,MCTS,0.2,1,0,200042,3200042,2200042,1,82,19.0,0,16,36,82.0,1.9123592570067558
mcts,MCTS,0.2,20,1,200043,3200043,2200043,1,72,29.0,0,11,35,3.6,1.5555740000163496
mcts,MCTS,0.2,10,1,200043,3200043,2200043,1,72,29.0,0,11,35,7.2,1.5555740000163496
mcts,MCTS,0.2,5,1,200043,3200043,2200043,1,72,29.0,0,11,35,14.4,1.5555740000163496
mcts,MCTS,0.2,2,1,200043,3200043,2200043,1,72,29.0,0,11,35,36.0,1.5555740000163496
mcts,MCTS,0.2,1,1,200043,3200043,2200043,1,72,29.0,0,11,35,72.0,1.5555740000163496
mcts,MCTS,0.2,20,2,200044,3200044,2200044,1,77,24.0,0,15,35,3.85,1.7888895910036808
mcts,MCTS,0.2,10,2,200044,3200044,2200044,1,77,24.0,0,15,35,7.7,1.7888895910036808
mcts,MCTS,0.2,5,2,200044,3200044,2200044,1,77,24.0,0,15,35,15.4,1.7888895910036808
mcts,MCTS,0.2,2,2,200044,3200044,2200044,1,77,24.0,0,15,35,38.5,1.7888895910036808
mcts,MCTS,0.2,1,2,200044,3200044,2200044,1,77,24.0,0,15,35,77.0,1.7888895910036808
mcts,MCTS,0.2,20,3,200045,3200045,2200045,1,66,35.0,0,9,35,3.3,1.5973972489919106
mcts,MCTS,0.2,10,3,200045,3200045,2200045,1,66,35.0,0,9,35,6.6,1.5973972489919106
mcts,MCTS,0.2,5,3,200045,3200045,2200045,1,66,35.0,0,9,35,13.2,1.5973972489919106
mcts,MCTS,0.2,2,3,200045,3200045,2200045,1,66,35.0,0,9,35,33.0,1.5973972489919106
mcts,MCTS,0.2,1,3,200045,3200045,2200045,1,66,35.0,0,9,35,66.0,1.5973972489919106
mcts,MCTS,0.2,20,4,200046,3200046,2200046,1,95,6.0,0,17,38,4.75,2.537650369988114
mcts,MCTS,0.2,10,4,200046,3200046,2200046,1,95,6.0,0,17,38,9.5,2.537650369988114
mcts,MCTS,0.2,5,4,200046,3200046,2200046,1,95,6.0,0,17,38,19.0,2.537650369988114
mcts,MCTS,0.2,2,4,200046,3200046,2200046,1,95,6.0,0,17,38,47.5,2.537650369988114
mcts,MCTS,0.2,1,4,200046,3200046,2200046,1,95,6.0,0,17,38,95.0,2.537650369988114
mcts,MCTS,0.2,20,5,200047,3200047,2200047,1,71,30.0,0,13,35,3.55,1.2125271630065981
mcts,MCTS,0.2,10,5,200047,3200047,2200047,1,71,30.0,0,13,35,7.1,1.2125271630065981
mcts,MCTS,0.2,5,5,200047,3200047,2200047,1,71,30.0,0,13,35,14.2,1.2125271630065981
mcts,MCTS,0.2,2,5,200047,3200047,2200047,1,71,30.0,0,13,35,35.5,1.2125271630065981
mcts,MCTS,0.2,1,5,200047,3200047,2200047,1,71,30.0,0,13,35,71.0,1.2125271630065981
mcts,MCTS,0.2,20,6,200048,3200048,2200048,1,63,34.0,1,9,37,3.15,1.296117170026264
mcts,MCTS,0.2,10,6,200048,3200048,2200048,1,63,34.0,1,9,37,6.3,1.296117170026264
mcts,MCTS,0.2,5,6,200048,3200048,2200048,1,63,34.0,1,9,37,12.6,1.296117170026264
mcts,MCTS,0.2,2,6,200048,3200048,2200048,1,63,34.0,1,9,37,31.5,1.296117170026264
mcts,MCTS,0.2,1,6,200048,3200048,2200048,1,63,34.0,1,9,37,63.0,1.296117170026264
mcts,MCTS,0.2,20,7,200049,3200049,2200049,1,72,29.0,0,14,37,3.6,1.4312226719994214
mcts,MCTS,0.2,10,7,200049,3200049,2200049,1,72,29.0,0,14,37,7.2,1.4312226719994214
mcts,MCTS,0.2,5,7,200049,3200049,2200049,1,72,29.0,0,14,37,14.4,1.4312226719994214
mcts,MCTS,0.2,2,7,200049,3200049,2200049,1,72,29.0,0,14,37,36.0,1.4312226719994214
mcts,MCTS,0.2,1,7,200049,3200049,2200049,1,72,29.0,0,14,37,72.0,1.4312226719994214
mcts,MCTS,0.2,20,8,200050,3200050,2200050,1,72,29.0,0,15,41,3.6,1.616534745971876
mcts,MCTS,0.2,10,8,200050,3200050,2200050,1,72,29.0,0,15,41,7.2,1.616534745971876
mcts,MCTS,0.2,5,8,200050,3200050,2200050,1,72,29.0,0,15,41,14.4,1.616534745971876
mcts,MCTS,0.2,2,8,200050,3200050,2200050,1,72,29.0,0,15,41,36.0,1.616534745971876
mcts,MCTS,0.2,1,8,200050,3200050,2200050,1,72,29.0,0,15,41,72.0,1.616534745971876
mcts,MCTS,0.2,20,9,200051,3200051,2200051,1,91,10.0,0,24,37,4.55,1.9462012500007404
mcts,MCTS,0.2,10,9,200051,3200051,2200051,1,91,10.0,0,24,37,9.1,1.9462012500007404
mcts,MCTS,0.2,5,9,200051,3200051,2200051,1,91,10.0,0,24,37,18.2,1.9462012500007404
mcts,MCTS,0.2,2,9,200051,3200051,2200051,1,91,10.0,0,24,37,45.5,1.9462012500007404
mcts,MCTS,0.2,1,9,200051,3200051,2200051,1,91,10.0,0,24,37,91.0,1.9462012500007404
mcts,MCTS,0.2,20,10,200052,3200052,2200052,1,78,23.0,0,10,36,3.9,1.4721417519976967
mcts,MCTS,0.2,10,10,200052,3200052,2200052,1,78,23.0,0,10,36,7.8,1.4721417519976967
mcts,MCTS,0.2,5,10,200052,3200052,2200052,1,78,23.0,0,10,36,15.6,1.4721417519976967
mcts,MCTS,0.2,2,10,200052,3200052,2200052,1,78,23.0,0,10,36,39.0,1.4721417519976967
mcts,MCTS,0.2,1,10,200052,3200052,2200052,1,78,23.0,0,10,36,78.0,1.4721417519976967
mcts,MCTS,0.2,20,11,200053,3200053,2200053,1,54,47.0,0,9,35,2.7,0.9133980030092061
mcts,MCTS,0.2,10,11,200053,3200053,2200053,1,54,47.0,0,9,35,5.4,0.9133980030092061
mcts,MCTS,0.2,5,11,200053,3200053,2200053,1,54,47.0,0,9,35,10.8,0.9133980030092061
mcts,MCTS,0.2,2,11,200053,3200053,2200053,1,54,47.0,0,9,35,27.0,0.9133980030092061
mcts,MCTS,0.2,1,11,200053,3200053,2200053,1,54,47.0,0,9,35,54.0,0.9133980030092061
mcts,MCTS,0.2,20,12,200054,3200054,2200054,1,74,27.0,0,14,40,3.7,1.3119689239792933
mcts,MCTS,0.2,10,12,200054,3200054,2200054,1,74,27.0,0,14,40,7.4,1.3119689239792933
mcts,MCTS,0.2,5,12,200054,3200054,2200054,1,74,27.0,0,14,40,14.8,1.3119689239792933
mcts,MCTS,0.2,2,12,200054,3200054,2200054,1,74,27.0,0,14,40,37.0,1.3119689239792933
mcts,MCTS,0.2,1,12,200054,3200054,2200054,1,74,27.0,0,14,40,74.0,1.3119689239792933
mcts,MCTS,0.2,20,13,200055,3200055,2200055,1,81,20.0,0,23,42,4.05,1.685307414019917
mcts,MCTS,0.2,10,13,200055,3200055,2200055,1,81,20.0,0,23,42,8.1,1.685307414019917
mcts,MCTS,0.2,5,13,200055,3200055,2200055,1,81,20.0,0,23,42,16.2,1.685307414019917
mcts,MCTS,0.2,2,13,200055,3200055,2200055,1,81,20.0,0,23,42,40.5,1.685307414019917
mcts,MCTS,0.2,1,13,200055,3200055,2200055,1,81,20.0,0,23,42,81.0,1.685307414019917
mcts,MCTS,0.2,20,14,200056,3200056,2200056,1,89,12.0,0,18,38,4.45,1.7522262479978963
mcts,MCTS,0.2,10,14,200056,3200056,2200056,1,89,12.0,0,18,38,8.9,1.7522262479978963
mcts,MCTS,0.2,5,14,200056,3200056,2200056,1,89,12.0,0,18,38,17.8,1.7522262479978963
mcts,MCTS,0.2,2,14,200056,3200056,2200056,1,89,12.0,0,18,38,44.5,1.7522262479978963
mcts,MCTS,0.2,1,14,200056,3200056,2200056,1,89,12.0,0,18,38,89.0,1.7522262479978963
mcts,MCTS,0.2,20,15,200057,3200057,2200057,1,97,-12.0,4,22,37,4.85,2.3183773810051207
mcts,MCTS,0.2,10,15,200057,3200057,2200057,1,97,-12.0,4,22,37,9.7,2.3183773810051207
mcts,MCTS,0.2,5,15,200057,3200057,2200057,1,97,-12.0,4,22,37,19.4,2.3183773810051207
mcts,MCTS,0.2,2,15,200057,3200057,2200057,1,97,-12.0,4,22,37,48.5,2.3183773810051207
mcts,MCTS,0.2,1,15,200057,3200057,2200057,1,97,-12.0,4,22,37,97.0,2.3183773810051207
mcts,MCTS,0.2,20,16,200058,3200058,2200058,1,74,23.0,1,14,38,3.7,1.5982959130051313
mcts,MCTS,0.2,10,16,200058,3200058,2200058,1,74,23.0,1,14,38,7.4,1.5982959130051313
mcts,MCTS,0.2,5,16,200058,3200058,2200058,1,74,23.0,1,14,38,14.8,1.5982959130051313
mcts,MCTS,0.2,2,16,200058,3200058,2200058,1,74,23.0,1,14,38,37.0,1.5982959130051313
mcts,MCTS,0.2,1,16,200058,3200058,2200058,1,74,23.0,1,14,38,74.0,1.5982959130051313
mcts,MCTS,0.2,20,17,200059,3200059,2200059,1,78,19.0,1,18,36,3.9,1.8296220390111557
mcts,MCTS,0.2,10,17,200059,3200059,2200059,1,78,19.0,1,18,36,7.8,1.8296220390111557
mcts,MCTS,0.2,5,17,200059,3200059,2200059,1,78,19.0,1,18,36,15.6,1.8296220390111557
mcts,MCTS,0.2,2,17,200059,3200059,2200059,1,78,19.0,1,18,36,39.0,1.8296220390111557
mcts,MCTS,0.2,1,17,200059,3200059,2200059,1,78,19.0,1,18,36,78.0,1.8296220390111557
mcts,MCTS,0.2,20,18,200060,3200060,2200060,1,66,35.0,0,13,35,3.3,1.256548251996719
mcts,MCTS,0.2,10,18,200060,3200060,2200060,1,66,35.0,0,13,35,6.6,1.256548251996719
mcts,MCTS,0.2,5,18,200060,3200060,2200060,1,66,35.0,0,13,35,13.2,1.256548251996719
mcts,MCTS,0.2,2,18,200060,3200060,2200060,1,66,35.0,0,13,35,33.0,1.256548251996719
mcts,MCTS,0.2,1,18,200060,3200060,2200060,1,66,35.0,0,13,35,66.0,1.256548251996719
mcts,MCTS,0.2,20,19,200061,3200061,2200061,1,55,46.0,0,6,35,2.75,1.1040821710121236
mcts,MCTS,0.2,10,19,200061,3200061,2200061,1,55,46.0,0,6,35,5.5,1.1040821710121236
mcts,MCTS,0.2,5,19,200061,3200061,2200061,1,55,46.0,0,6,35,11.0,1.1040821710121236
mcts,MCTS,0.2,2,19,200061,3200061,2200061,1,55,46.0,0,6,35,27.5,1.1040821710121236
mcts,MCTS,0.2,1,19,200061,3200061,2200061,1,55,46.0,0,6,35,55.0,1.1040821710121236
mcts,MCTS,0.2,20,20,200062,3200062,2200062,1,80,21.0,0,19,36,4.0,1.8377450430125464
mcts,MCTS,0.2,10,20,200062,3200062,2200062,1,80,21.0,0,19,36,8.0,1.8377450430125464
mcts,MCTS,0.2,5,20,200062,3200062,2200062,1,80,21.0,0,19,36,16.0,1.8377450430125464
mcts,MCTS,0.2,2,20,200062,3200062,2200062,1,80,21.0,0,19,36,40.0,1.8377450430125464
mcts,MCTS,0.2,1,20,200062,3200062,2200062,1,80,21.0,0,19,36,80.0,1.8377450430125464
mcts,MCTS,0.2,20,21,200063,3200063,2200063,1,91,10.0,0,27,37,4.55,1.7322980840399396
mcts,MCTS,0.2,10,21,200063,3200063,2200063,1,91,10.0,0,27,37,9.1,1.7322980840399396
mcts,MCTS,0.2,5,21,200063,3200063,2200063,1,91,10.0,0,27,37,18.2,1.7322980840399396
mcts,MCTS,0.2,2,21,200063,3200063,2200063,1,91,10.0,0,27,37,45.5,1.7322980840399396
mcts,MCTS,0.2,1,21,200063,3200063,2200063,1,91,10.0,0,27,37,91.0,1.7322980840399396
mcts,MCTS,0.2,20,22,200064,3200064,2200064,1,68,33.0,0,14,35,3.4,1.1368575379892718
mcts,MCTS,0.2,10,22,200064,3200064,2200064,1,68,33.0,0,14,35,6.8,1.1368575379892718
mcts,MCTS,0.2,5,22,200064,3200064,2200064,1,68,33.0,0,14,35,13.6,1.1368575379892718
mcts,MCTS,0.2,2,22,200064,3200064,2200064,1,68,33.0,0,14,35,34.0,1.1368575379892718
mcts,MCTS,0.2,1,22,200064,3200064,2200064,1,68,33.0,0,14,35,68.0,1.1368575379892718
mcts,MCTS,0.2,20,23,200065,3200065,2200065,1,69,28.0,1,19,39,3.45,1.2270792090130271
mcts,MCTS,0.2,10,23,200065,3200065,2200065,1,69,28.0,1,19,39,6.9,1.2270792090130271
mcts,MCTS,0.2,5,23,200065,3200065,2200065,1,69,28.0,1,19,39,13.8,1.2270792090130271
mcts,MCTS,0.2,2,23,200065,3200065,2200065,1,69,28.0,1,19,39,34.5,1.2270792090130271
mcts,MCTS,0.2,1,23,200065,3200065,2200065,1,69,28.0,1,19,39,69.0,1.2270792090130271
mcts,MCTS,0.2,20,24,200066,3200066,2200066,1,77,24.0,0,15,35,3.85,1.7798452909846674
mcts,MCTS,0.2,10,24,200066,3200066,2200066,1,77,24.0,0,15,35,7.7,1.7798452909846674
mcts,MCTS,0.2,5,24,200066,3200066,2200066,1,77,24.0,0,15,35,15.4,1.7798452909846674
mcts,MCTS,0.2,2,24,200066,3200066,2200066,1,77,24.0,0,15,35,38.5,1.7798452909846674
mcts,MCTS,0.2,1,24,200066,3200066,2200066,1,77,24.0,0,15,35,77.0,1.7798452909846674
mcts,MCTS,0.2,20,25,200067,3200067,2200067,1,101,-8.0,2,18,37,5.05,2.4847479089912667
mcts,MCTS,0.2,10,25,200067,3200067,2200067,1,101,-8.0,2,18,37,10.1,2.4847479089912667
mcts,MCTS,0.2,5,25,200067,3200067,2200067,1,101,-8.0,2,18,37,20.2,2.4847479089912667
mcts,MCTS,0.2,2,25,200067,3200067,2200067,1,101,-8.0,2,18,37,50.5,2.4847479089912667
mcts,MCTS,0.2,1,25,200067,3200067,2200067,1,101,-8.0,2,18,37,101.0,2.4847479089912667
mcts,MCTS,0.2,20,26,200068,3200068,2200068,1,72,29.0,0,13,38,3.6,1.5072332060190092
mcts,MCTS,0.2,10,26,200068,3200068,2200068,1,72,29.0,0,13,38,7.2,1.5072332060190092
mcts,MCTS,0.2,5,26,200068,3200068,2200068,1,72,29.0,0,13,38,14.4,1.5072332060190092
mcts,MCTS,0.2,2,26,200068,3200068,2200068,1,72,29.0,0,13,38,36.0,1.5072332060190092
mcts,MCTS,0.2,1,26,200068,3200068,2200068,1,72,29.0,0,13,38,72.0,1.5072332060190092
mcts,MCTS,0.2,20,27,200069,3200069,2200069,1,84,17.0,0,18,38,4.2,1.6418641669988574
mcts,MCTS,0.2,10,27,200069,3200069,2200069,1,84,17.0,0,18,38,8.4,1.6418641669988574
mcts,MCTS,0.2,5,27,200069,3200069,2200069,1,84,17.0,0,18,38,16.8,1.6418641669988574
mcts,MCTS,0.2,2,27,200069,3200069,2200069,1,84,17.0,0,18,38,42.0,1.6418641669988574
mcts,MCTS,0.2,1,27,200069,3200069,2200069,1,84,17.0,0,18,38,84.0,1.6418641669988574
mcts,MCTS,0.2,20,28,200070,3200070,2200070,1,83,14.0,1,15,37,4.15,2.021891833992413
mcts,MCTS,0.2,10,28,200070,3200070,2200070,1,83,14.0,1,15,37,8.3,2.021891833992413
mcts,MCTS,0.2,5,28,200070,3200070,2200070,1,83,14.0,1,15,37,16.6,2.021891833992413
mcts,MCTS,0.2,2,28,200070,3200070,2200070,1,83,14.0,1,15,37,41.5,2.021891833992413
mcts,MCTS,0.2,1,28,200070,3200070,2200070,1,83,14.0,1,15,37,83.0,2.021891833992413
mcts,MCTS,0.2,20,29,200071,3200071,2200071,1,68,33.0,0,13,35,3.4,1.2040720840122958
mcts,MCTS,0.2,10,29,200071,3200071,2200071,1,68,33.0,0,13,35,6.8,1.2040720840122958
mcts,MCTS,0.2,5,29,200071,3200071,2200071,1,68,33.0,0,13,35,13.6,1.2040720840122958
mcts,MCTS,0.2,2,29,200071,3200071,2200071,1,68,33.0,0,13,35,34.0,1.2040720840122958
mcts,MCTS,0.2,1,29,200071,3200071,2200071,1,68,33.0,0,13,35,68.0,1.2040720840122958
mcts,MCTS,0.3,20,0,200042,4200042,2200042,1,82,19.0,0,24,41,4.1,1.4312675400033186
mcts,MCTS,0.3,10,0,200042,4200042,2200042,1,82,19.0,0,24,41,8.2,1.4312675400033186
mcts,MCTS,0.3,5,0,200042,4200042,2200042,1,82,19.0,0,24,41,16.4,1.4312675400033186
mcts,MCTS,0.3,2,0,200042,4200042,2200042,1,82,19.0,0,24,41,41.0,1.4312675400033186
mcts,MCTS,0.3,1,0,200042,4200042,2200042,1,82,19.0,0,24,41,82.0,1.4312675400033186
mcts,MCTS,0.3,20,1,200043,4200043,2200043,1,91,10.0,0,20,36,4.55,1.8459669569965627
mcts,MCTS,0.3,10,1,200043,4200043,2200043,1,91,10.0,0,20,36,9.1,1.8459669569965627
mcts,MCTS,0.3,5,1,200043,4200043,2200043,1,91,10.0,0,20,36,18.2,1.8459669569965627
mcts,MCTS,0.3,2,1,200043,4200043,2200043,1,91,10.0,0,20,36,45.5,1.8459669569965627
mcts,MCTS,0.3,1,1,200043,4200043,2200043,1,91,10.0,0,20,36,91.0,1.8459669569965627
mcts,MCTS,0.3,20,2,200044,4200044,2200044,1,114,-13.0,0,38,39,5.7,2.3092848759770277
mcts,MCTS,0.3,10,2,200044,4200044,2200044,1,114,-13.0,0,38,39,11.4,2.3092848759770277
mcts,MCTS,0.3,5,2,200044,4200044,2200044,1,114,-13.0,0,38,39,22.8,2.3092848759770277
mcts,MCTS,0.3,2,2,200044,4200044,2200044,1,114,-13.0,0,38,39,57.0,2.3092848759770277
mcts,MCTS,0.3,1,2,200044,4200044,2200044,1,114,-13.0,0,38,39,114.0,2.3092848759770277
mcts,MCTS,0.3,20,3,200045,4200045,2200045,1,124,-23.0,0,43,38,6.2,2.278315131989075
mcts,MCTS,0.3,10,3,200045,4200045,2200045,1,124,-23.0,0,43,38,12.4,2.278315131989075
mcts,MCTS,0.3,5,3,200045,4200045,2200045,1,124,-23.0,0,43,38,24.8,2.278315131989075
mcts,MCTS,0.3,2,3,200045,4200045,2200045,1,124,-23.0,0,43,38,62.0,2.278315131989075
mcts,MCTS,0.3,1,3,200045,4200045,2200045,1,124,-23.0,0,43,38,124.0,2.278315131989075
mcts,MCTS,0.3,20,4,200046,4200046,2200046,1,76,25.0,0,22,37,3.8,1.6405474570092338
mcts,MCTS,0.3,10,4,200046,4200046,2200046,1,76,25.0,0,22,37,7.6,1.6405474570092338
mcts,MCTS,0.3,5,4,200046,4200046,2200046,1,76,25.0,0,22,37,15.2,1.6405474570092338
mcts,MCTS,0.3,2,4,200046,4200046,2200046,1,76,25.0,0,22,37,38.0,1.6405474570092338
mcts,MCTS,0.3,1,4,200046,4200046,2200046,1,76,25.0,0,22,37,76.0,1.6405474570092338
mcts,MCTS,0.3,20,5,200047,4200047,2200047,1,63,38.0,0,9,35,3.15,1.3073895019915653
mcts,MCTS,0.3,10,5,200047,4200047,2200047,1,63,38.0,0,9,35,6.3,1.3073895019915653
mcts,MCTS,0.3,5,5,200047,4200047,2200047,1,63,38.0,0,9,35,12.6,1.3073895019915653
mcts,MCTS,0.3,2,5,200047,4200047,2200047,1,63,38.0,0,9,35,31.5,1.3073895019915653
mcts,MCTS,0.3,1,5,200047,4200047,2200047,1,63,38.0,0,9,35,63.0,1.3073895019915653
mcts,MCTS,0.3,20,6,200048,4200048,2200048,1,85,16.0,0,28,36,4.25,2.167453961013962
mcts,MCTS,0.3,10,6,200048,4200048,2200048,1,85,16.0,0,28,36,8.5,2.167453961013962
mcts,MCTS,0.3,5,6,200048,4200048,2200048,1,85,16.0,0,28,36,17.0,2.167453961013962
mcts,MCTS,0.3,2,6,200048,4200048,2200048,1,85,16.0,0,28,36,42.5,2.167453961013962
mcts,MCTS,0.3,1,6,200048,4200048,2200048,1,85,16.0,0,28,36,85.0,2.167453961013962
mcts,MCTS,0.3,20,7,200049,4200049,2200049,1,108,-7.0,0,39,44,5.4,1.87143911900057
mcts,MCTS,0.3,10,7,200049,4200049,2200049,1,108,-7.0,0,39,44,10.8,1.87143911900057
mcts,MCTS,0.3,5,7,200049,4200049,2200049,1,108,-7.0,0,39,44,21.6,1.87143911900057
mcts,MCTS,0.3,2,7,200049,4200049,2200049,1,108,-7.0,0,39,44,54.0,1.87143911900057
mcts,MCTS,0.3,1,7,200049,4200049,2200049,1,108,-7.0,0,39,44,108.0,1.87143911900057
mcts,MCTS,0.3,20,8,200050,4200050,2200050,1,93,8.0,0,20,38,4.65,1.9368528350023553
mcts,MCTS,0.3,10,8,200050,4200050,2200050,1,93,8.0,0,20,38,9.3,1.9368528350023553
mcts,MCTS,0.3,5,8,200050,4200050,2200050,1,93,8.0,0,20,38,18.6,1.9368528350023553
mcts,MCTS,0.3,2,8,200050,4200050,2200050,1,93,8.0,0,20,38,46.5,1.9368528350023553
mcts,MCTS,0.3,1,8,200050,4200050,2200050,1,93,8.0,0,20,38,93.0,1.9368528350023553
mcts,MCTS,0.3,20,9,200051,4200051,2200051,1,136,-43.0,2,41,43,6.8,3.4836640399953467
mcts,MCTS,0.3,10,9,200051,4200051,2200051,1,136,-43.0,2,41,43,13.6,3.4836640399953467
mcts,MCTS,0.3,5,9,200051,4200051,2200051,1,136,-43.0,2,41,43,27.2,3.4836640399953467
mcts,MCTS,0.3,2,9,200051,4200051,2200051,1,136,-43.0,2,41,43,68.0,3.4836640399953467
mcts,MCTS,0.3,1,9,200051,4200051,2200051,1,136,-43.0,2,41,43,136.0,3.4836640399953467
mcts,MCTS,0.3,20,10,200052,4200052,2200052,1,101,0.0,0,31,37,5.05,2.0066619499848457
mcts,MCTS,0.3,10,10,200052,4200052,2200052,1,101,0.0,0,31,37,10.1,2.0066619499848457
mcts,MCTS,0.3,5,10,200052,4200052,2200052,1,101,0.0,0,31,37,20.2,2.0066619499848457
mcts,MCTS,0.3,2,10,200052,4200052,2200052,1,101,0.0,0,31,37,50.5,2.0066619499848457
mcts,MCTS,0.3,1,10,200052,4200052,2200052,1,101,0.0,0,31,37,101.0,2.0066619499848457
mcts,MCTS,0.3,20,11,200053,4200053,2200053,1,81,20.0,0,21,40,4.05,1.2742944640085625
mcts,MCTS,0.3,10,11,200053,4200053,2200053,1,81,20.0,0,21,40,8.1,1.2742944640085625
mcts,MCTS,0.3,5,11,200053,4200053,2200053,1,81,20.0,0,21,40,16.2,1.2742944640085625
mcts,MCTS,0.3,2,11,200053,4200053,2200053,1,81,20.0,0,21,40,40.5,1.2742944640085625
mcts,MCTS,0.3,1,11,200053,4200053,2200053,1,81,20.0,0,21,40,81.0,1.2742944640085625
mcts,MCTS,0.3,20,12,200054,4200054,2200054,1,110,-9.0,0,30,44,5.5,2.4227475820043765
mcts,MCTS,0.3,10,12,200054,4200054,2200054,1,110,-9.0,0,30,44,11.0,2.4227475820043765
mcts,MCTS,0.3,5,12,200054,4200054,2200054,1,110,-9.0,0,30,44,22.0,2.4227475820043765
mcts,MCTS,0.3,2,12,200054,4200054,2200054,1,110,-9.0,0,30,44,55.0,2.4227475820043765
mcts,MCTS,0.3,1,12,200054,4200054,2200054,1,110,-9.0,0,30,44,110.0,2.4227475820043765
mcts,MCTS,0.3,20,13,200055,4200055,2200055,1,83,18.0,0,18,36,4.15,1.6270106230185775
mcts,MCTS,0.3,10,13,200055,4200055,2200055,1,83,18.0,0,18,36,8.3,1.6270106230185775
mcts,MCTS,0.3,5,13,200055,4200055,2200055,1,83,18.0,0,18,36,16.6,1.6270106230185775
mcts,MCTS,0.3,2,13,200055,4200055,2200055,1,83,18.0,0,18,36,41.5,1.6270106230185775
mcts,MCTS,0.3,1,13,200055,4200055,2200055,1,83,18.0,0,18,36,83.0,1.6270106230185775
mcts,MCTS,0.3,20,14,200056,4200056,2200056,1,88,5.0,2,23,44,4.4,1.2996085440063325
mcts,MCTS,0.3,10,14,200056,4200056,2200056,1,88,5.0,2,23,44,8.8,1.2996085440063325
mcts,MCTS,0.3,5,14,200056,4200056,2200056,1,88,5.0,2,23,44,17.6,1.2996085440063325
mcts,MCTS,0.3,2,14,200056,4200056,2200056,1,88,5.0,2,23,44,44.0,1.2996085440063325
mcts,MCTS,0.3,1,14,200056,4200056,2200056,1,88,5.0,2,23,44,88.0,1.2996085440063325
mcts,MCTS,0.3,20,15,200057,4200057,2200057,1,94,3.0,1,25,36,4.7,2.1887963710069016
mcts,MCTS,0.3,10,15,200057,4200057,2200057,1,94,3.0,1,25,36,9.4,2.1887963710069016
mcts,MCTS,0.3,5,15,200057,4200057,2200057,1,94,3.0,1,25,36,18.8,2.1887963710069016
mcts,MCTS,0.3,2,15,200057,4200057,2200057,1,94,3.0,1,25,36,47.0,2.1887963710069016
mcts,MCTS,0.3,1,15,200057,4200057,2200057,1,94,3.0,1,25,36,94.0,2.1887963710069016
mcts,MCTS,0.3,20,16,200058,4200058,2200058,1,89,12.0,0,27,35,4.45,2.0481695380003657
mcts,MCTS,0.3,10,16,200058,4200058,2200058,1,89,12.0,0,27,35,8.9,2.0481695380003657
mcts,MCTS,0.3,5,16,200058,4200058,2200058,1,89,12.0,0,27,35,17.8,2.0481695380003657
mcts,MCTS,0.3,2,16,200058,4200058,2200058,1,89,12.0,0,27,35,44.5,2.0481695380003657
mcts,MCTS,0.3,1,16,200058,4200058,2200058,1,89,12.0,0,27,35,89.0,2.0481695380003657
mcts,MCTS,0.3,20,17,200059,4200059,2200059,1,75,26.0,0,22,36,3.75,1.1940886289994523
mcts,MCTS,0.3,10,17,200059,4200059,2200059,1,75,26.0,0,22,36,7.5,1.1940886289994523
mcts,MCTS,0.3,5,17,200059,4200059,2200059,1,75,26.0,0,22,36,15.0,1.1940886289994523
mcts,MCTS,0.3,2,17,200059,4200059,2200059,1,75,26.0,0,22,36,37.5,1.1940886289994523
mcts,MCTS,0.3,1,17,200059,4200059,2200059,1,75,26.0,0,22,36,75.0,1.1940886289994523
mcts,MCTS,0.3,20,18,200060,4200060,2200060,1,98,3.0,0,34,38,4.9,1.9281308319987147
mcts,MCTS,0.3,10,18,200060,4200060,2200060,1,98,3.0,0,34,38,9.8,1.9281308319987147
mcts,MCTS,0.3,5,18,200060,4200060,2200060,1,98,3.0,0,34,38,19.6,1.9281308319987147
mcts,MCTS,0.3,2,18,200060,4200060,2200060,1,98,3.0,0,34,38,49.0,1.9281308319987147
mcts,MCTS,0.3,1,18,200060,4200060,2200060,1,98,3.0,0,34,38,98.0,1.9281308319987147
mcts,MCTS,0.3,20,19,200061,4200061,2200061,1,84,17.0,0,14,38,4.2,2.1385771290006232
mcts,MCTS,0.3,10,19,200061,4200061,2200061,1,84,17.0,0,14,38,8.4,2.1385771290006232
mcts,MCTS,0.3,5,19,200061,4200061,2200061,1,84,17.0,0,14,38,16.8,2.1385771290006232
mcts,MCTS,0.3,2,19,200061,4200061,2200061,1,84,17.0,0,14,38,42.0,2.1385771290006232
mcts,MCTS,0.3,1,19,200061,4200061,2200061,1,84,17.0,0,14,38,84.0,2.1385771290006232
mcts,MCTS,0.3,20,20,200062,4200062,2200062,1,98,3.0,0,34,42,4.9,1.9554230429857853
mcts,MCTS,0.3,10,20,200062,4200062,2200062,1,98,3.0,0,34,42,9.8,1.9554230429857853
mcts,MCTS,0.3,5,20,200062,4200062,2200062,1,98,3.0,0,34,42,19.6,1.9554230429857853
mcts,MCTS,0.3,2,20,200062,4200062,2200062,1,98,3.0,0,34,42,49.0,1.9554230429857853
mcts,MCTS,0.3,1,20,200062,4200062,2200062,1,98,3.0,0,34,42,98.0,1.9554230429857853
mcts,MCTS,0.3,20,21,200063,4200063,2200063,1,99,2.0,0,33,37,4.95,2.1130831229929754
mcts,MCTS,0.3,10,21,200063,4200063,2200063,1,99,2.0,0,33,37,9.9,2.1130831229929754
mcts,MCTS,0.3,5,21,200063,4200063,2200063,1,99,2.0,0,33,37,19.8,2.1130831229929754
mcts,MCTS,0.3,2,21,200063,4200063,2200063,1,99,2.0,0,33,37,49.5,2.1130831229929754
mcts,MCTS,0.3,1,21,200063,4200063,2200063,1,99,2.0,0,33,37,99.0,2.1130831229929754
mcts,MCTS,0.3,20,22,200064,4200064,2200064,1,89,4.0,2,24,39,4.45,1.6347182969948335
mcts,MCTS,0.3,10,22,200064,4200064,2200064,1,89,4.0,2,24,39,8.9,1.6347182969948335
mcts,MCTS,0.3,5,22,200064,4200064,2200064,1,89,4.0,2,24,39,17.8,1.6347182969948335
mcts,MCTS,0.3,2,22,200064,4200064,2200064,1,89,4.0,2,24,39,44.5,1.6347182969948335
mcts,MCTS,0.3,1,22,200064,4200064,2200064,1,89,4.0,2,24,39,89.0,1.6347182969948335
mcts,MCTS,0.3,20,23,200065,4200065,2200065,1,88,13.0,0,30,40,4.4,2.2374046669829113
mcts,MCTS,0.3,10,23,200065,4200065,2200065,1,88,13.0,0,30,40,8.8,2.2374046669829113
mcts,MCTS,0.3,5,23,200065,4200065,2200065,1,88,13.0,0,30,40,17.6,2.2374046669829113
mcts,MCTS,0.3,2,23,200065,4200065,2200065,1,88,13.0,0,30,40,44.0,2.2374046669829113
mcts,MCTS,0.3,1,23,200065,4200065,2200065,1,88,13.0,0,30,40,88.0,2.2374046669829113
mcts,MCTS,0.3,20,24,200066,4200066,2200066,1,116,-19.0,1,39,39,5.8,2.5689112469881366
mcts,MCTS,0.3,10,24,200066,4200066,2200066,1,116,-19.0,1,39,39,11.6,2.5689112469881366
mcts,MCTS,0.3,5,24,200066,4200066,2200066,1,116,-19.0,1,39,39,23.2,2.5689112469881366
mcts,MCTS,0.3,2,24,200066,4200066,2200066,1,116,-19.0,1,39,39,58.0,2.5689112469881366
mcts,MCTS,0.3,1,24,200066,4200066,2200066,1,116,-19.0,1,39,39,116.0,2.5689112469881366
mcts,MCTS,0.3,20,25,200067,4200067,2200067,1,72,29.0,0,22,35,3.6,1.2493072109682544
mcts,MCTS,0.3,10,25,200067,4200067,2200067,1,72,29.0,0,22,35,7.2,1.2493072109682544
mcts,MCTS,0.3,5,25,200067,4200067,2200067,1,72,29.0,0,22,35,14.4,1.2493072109682544
mcts,MCTS,0.3,2,25,200067,4200067,2200067,1,72,29.0,0,22,35,36.0,1.2493072109682544
mcts,MCTS,0.3,1,25,200067,4200067,2200067,1,72,29.0,0,22,35,72.0,1.2493072109682544
mcts,MCTS,0.3,20,26,200068,4200068,2200068,1,76,25.0,0,24,35,3.8,1.4507154170096328
mcts,MCTS,0.3,10,26,200068,4200068,2200068,1,76,25.0,0,24,35,7.6,1.4507154170096328
mcts,MCTS,0.3,5,26,200068,4200068,2200068,1,76,25.0,0,24,35,15.2,1.4507154170096328
mcts,MCTS,0.3,2,26,200068,4200068,2200068,1,76,25.0,0,24,35,38.0,1.4507154170096328
mcts,MCTS,0.3,1,26,200068,4200068,2200068,1,76,25.0,0,24,35,76.0,1.4507154170096328
mcts,MCTS,0.3,20,27,200069,4200069,2200069,1,146,-49.0,1,39,40,7.3,3.9023553309743875
mcts,MCTS,0.3,10,27,200069,4200069,2200069,1,146,-49.0,1,39,40,14.6,3.9023553309743875
mcts,MCTS,0.3,5,27,200069,4200069,2200069,1,146,-49.0,1,39,40,29.2,3.9023553309743875
mcts,MCTS,0.3,2,27,200069,4200069,2200069,1,146,-49.0,1,39,40,73.0,3.9023553309743875
mcts,MCTS,0.3,1,27,200069,4200069,2200069,1,146,-49.0,1,39,40,146.0,3.9023553309743875
mcts,MCTS,0.3,20,28,200070,4200070,2200070,1,68,33.0,0,17,37,3.4,1.3391141719839652
mcts,MCTS,0.3,10,28,200070,4200070,2200070,1,68,33.0,0,17,37,6.8,1.3391141719839652
mcts,MCTS,0.3,5,28,200070,4200070,2200070,1,68,33.0,0,17,37,13.6,1.3391141719839652
mcts,MCTS,0.3,2,28,200070,4200070,2200070,1,68,33.0,0,17,37,34.0,1.3391141719839652
mcts,MCTS,0.3,1,28,200070,4200070,2200070,1,68,33.0,0,17,37,68.0,1.3391141719839652
mcts,MCTS,0.3,20,29,200071,4200071,2200071,1,112,-11.0,0,36,39,5.6,1.7947784990101354
mcts,MCTS,0.3,10,29,200071,4200071,2200071,1,112,-11.0,0,36,39,11.2,1.7947784990101354
mcts,MCTS,0.3,5,29,200071,4200071,2200071,1,112,-11.0,0,36,39,22.4,1.7947784990101354
mcts,MCTS,0.3,2,29,200071,4200071,2200071,1,112,-11.0,0,36,39,56.0,1.7947784990101354
mcts,MCTS,0.3,1,29,200071,4200071,2200071,1,112,-11.0,0,36,39,112.0,1.7947784990101354
mcts,MCTS,0.4,20,0,200042,5200042,2200042,1,100,1.0,0,38,39,5.0,1.673140790007892
mcts,MCTS,0.4,10,0,200042,5200042,2200042,1,100,1.0,0,38,39,10.0,1.673140790007892
mcts,MCTS,0.4,5,0,200042,5200042,2200042,1,100,1.0,0,38,39,20.0,1.673140790007892
mcts,MCTS,0.4,2,0,200042,5200042,2200042,1,100,1.0,0,38,39,50.0,1.673140790007892
mcts,MCTS,0.4,1,0,200042,5200042,2200042,1,100,1.0,0,38,39,100.0,1.673140790007892
mcts,MCTS,0.4,20,1,200043,5200043,2200043,1,160,-59.0,0,77,50,8.0,3.829113502000837
mcts,MCTS,0.4,10,1,200043,5200043,2200043,1,160,-59.0,0,77,50,16.0,3.829113502000837
mcts,MCTS,0.4,5,1,200043,5200043,2200043,1,160,-59.0,0,77,50,32.0,3.829113502000837
mcts,MCTS,0.4,2,1,200043,5200043,2200043,1,160,-59.0,0,77,50,80.0,3.829113502000837
mcts,MCTS,0.4,1,1,200043,5200043,2200043,1,160,-59.0,0,77,50,160.0,3.829113502000837
mcts,MCTS,0.4,20,2,200044,5200044,2200044,1,105,-4.0,0,29,42,5.25,2.6005130449921126
mcts,MCTS,0.4,10,2,200044,5200044,2200044,1,105,-4.0,0,29,42,10.5,2.6005130449921126
mcts,MCTS,0.4,5,2,200044,5200044,2200044,1,105,-4.0,0,29,42,21.0,2.6005130449921126
mcts,MCTS,0.4,2,2,200044,5200044,2200044,1,105,-4.0,0,29,42,52.5,2.6005130449921126
mcts,MCTS,0.4,1,2,200044,5200044,2200044,1,105,-4.0,0,29,42,105.0,2.6005130449921126
mcts,MCTS,0.4,20,3,200045,5200045,2200045,1,211,-118.0,2,96,59,10.55,3.5541303290228825
mcts,MCTS,0.4,10,3,200045,5200045,2200045,1,211,-118.0,2,96,59,21.1,3.5541303290228825
mcts,MCTS,0.4,5,3,200045,5200045,2200045,1,211,-118.0,2,96,59,42.2,3.5541303290228825
mcts,MCTS,0.4,2,3,200045,5200045,2200045,1,211,-118.0,2,96,59,105.5,3.5541303290228825
mcts,MCTS,0.4,1,3,200045,5200045,2200045,1,211,-118.0,2,96,59,211.0,3.5541303290228825
mcts,MCTS,0.4,20,4,200046,5200046,2200046,1,139,-38.0,0,54,41,6.95,3.400350457017339
mcts,MCTS,0.4,10,4,200046,5200046,2200046,1,139,-38.0,0,54,41,13.9,3.400350457017339
mcts,MCTS,0.4,5,4,200046,5200046,2200046,1,139,-38.0,0,54,41,27.8,3.400350457017339
mcts,MCTS,0.4,2,4,200046,5200046,2200046,1,139,-38.0,0,54,41,69.5,3.400350457017339
mcts,MCTS,0.4,1,4,200046,5200046,2200046,1,139,-38.0,0,54,41,139.0,3.400350457017339
mcts,MCTS,0.4,20,5,200047,5200047,2200047,1,132,-31.0,0,47,44,6.6,2.916976999007602
mcts,MCTS,0.4,10,5,200047,5200047,2200047,1,132,-31.0,0,47,44,13.2,2.916976999007602
mcts,MCTS,0.4,5,5,200047,5200047,2200047,1,132,-31.0,0,47,44,26.4,2.916976999007602
mcts,MCTS,0.4,2,5,200047,5200047,2200047,1,132,-31.0,0,47,44,66.0,2.916976999007602
mcts,MCTS,0.4,1,5,200047,5200047,2200047,1,132,-31.0,0,47,44,132.0,2.916976999007602
mcts,MCTS,0.4,20,6,200048,5200048,2200048,1,146,-45.0,0,63,41,7.3,2.610444826001185
mcts,MCTS,0.4,10,6,200048,5200048,2200048,1,146,-45.0,0,63,41,14.6,2.610444826001185
mcts,MCTS,0.4,5,6,200048,5200048,2200048,1,146,-45.0,0,63,41,29.2,2.610444826001185
mcts,MCTS,0.4,2,6,200048,5200048,2200048,1,146,-45.0,0,63,41,73.0,2.610444826001185
mcts,MCTS,0.4,1,6,200048,5200048,2200048,1,146,-45.0,0,63,41,146.0,2.610444826001185
mcts,MCTS,0.4,20,7,200049,5200049,2200049,1,99,2.0,0,40,43,4.95,2.031613369996194
mcts,MCTS,0.4,10,7,200049,5200049,2200049,1,99,2.0,0,40,43,9.9,2.031613369996194
mcts,MCTS,0.4,5,7,200049,5200049,2200049,1,99,2.0,0,40,43,19.8,2.031613369996194
mcts,MCTS,0.4,2,7,200049,5200049,2200049,1,99,2.0,0,40,43,49.5,2.031613369996194
mcts,MCTS,0.4,1,7,200049,5200049,2200049,1,99,2.0,0,40,43,99.0,2.031613369996194
mcts,MCTS,0.4,20,8,200050,5200050,2200050,1,126,-29.0,1,46,41,6.3,2.897021211021638
mcts,MCTS,0.4,10,8,200050,5200050,2200050,1,126,-29.0,1,46,41,12.6,2.897021211021638
mcts,MCTS,0.4,5,8,200050,5200050,2200050,1,126,-29.0,1,46,41,25.2,2.897021211021638
mcts,MCTS,0.4,2,8,200050,5200050,2200050,1,126,-29.0,1,46,41,63.0,2.897021211021638
mcts,MCTS,0.4,1,8,200050,5200050,2200050,1,126,-29.0,1,46,41,126.0,2.897021211021638
mcts,MCTS,0.4,20,9,200051,5200051,2200051,1,124,-23.0,0,40,40,6.2,2.7986386719967413
mcts,MCTS,0.4,10,9,200051,5200051,2200051,1,124,-23.0,0,40,40,12.4,2.7986386719967413
mcts,MCTS,0.4,5,9,200051,5200051,2200051,1,124,-23.0,0,40,40,24.8,2.7986386719967413
mcts,MCTS,0.4,2,9,200051,5200051,2200051,1,124,-23.0,0,40,40,62.0,2.7986386719967413
mcts,MCTS,0.4,1,9,200051,5200051,2200051,1,124,-23.0,0,40,40,124.0,2.7986386719967413
mcts,MCTS,0.4,20,10,200052,5200052,2200052,1,74,27.0,0,16,37,3.7,1.3885315860206902
mcts,MCTS,0.4,10,10,200052,5200052,2200052,1,74,27.0,0,16,37,7.4,1.3885315860206902
mcts,MCTS,0.4,5,10,200052,5200052,2200052,1,74,27.0,0,16,37,14.8,1.3885315860206902
mcts,MCTS,0.4,2,10,200052,5200052,2200052,1,74,27.0,0,16,37,37.0,1.3885315860206902
mcts,MCTS,0.4,1,10,200052,5200052,2200052,1,74,27.0,0,16,37,74.0,1.3885315860206902
mcts,MCTS,0.4,20,11,200053,5200053,2200053,1,115,-18.0,1,45,40,5.75,2.2580768010193424
mcts,MCTS,0.4,10,11,200053,5200053,2200053,1,115,-18.0,1,45,40,11.5,2.2580768010193424
mcts,MCTS,0.4,5,11,200053,5200053,2200053,1,115,-18.0,1,45,40,23.0,2.2580768010193424
mcts,MCTS,0.4,2,11,200053,5200053,2200053,1,115,-18.0,1,45,40,57.5,2.2580768010193424
mcts,MCTS,0.4,1,11,200053,5200053,2200053,1,115,-18.0,1,45,40,115.0,2.2580768010193424
mcts,MCTS,0.4,20,12,200054,5200054,2200054,1,162,-77.0,4,71,42,8.1,4.44286946599459
mcts,MCTS,0.4,10,12,200054,5200054,2200054,1,162,-77.0,4,71,42,16.2,4.44286946599459
mcts,MCTS,0.4,5,12,200054,5200054,2200054,1,162,-77.0,4,71,42,32.4,4.44286946599459
mcts,MCTS,0.4,2,12,200054,5200054,2200054,1,162,-77.0,4,71,42,81.0,4.44286946599459
mcts,MCTS,0.4,1,12,200054,5200054,2200054,1,162,-77.0,4,71,42,162.0,4.44286946599459
mcts,MCTS,0.4,20,13,200055,5200055,2200055,1,136,-35.0,0,48,42,6.8,2.9500525069597643
mcts,MCTS,0.4,10,13,200055,5200055,2200055,1,136,-35.0,0,48,42,13.6,2.9500525069597643
mcts,MCTS,0.4,5,13,200055,5200055,2200055,1,136,-35.0,0,48,42,27.2,2.9500525069597643
mcts,MCTS,0.4,2,13,200055,5200055,2200055,1,136,-35.0,0,48,42,68.0,2.9500525069597643
mcts,MCTS,0.4,1,13,200055,5200055,2200055,1,136,-35.0,0,48,42,136.0,2.9500525069597643
mcts,MCTS,0.4,20,14,200056,5200056,2200056,1,110,-9.0,0,45,40,5.5,2.002840498000296
mcts,MCTS,0.4,10,14,200056,5200056,2200056,1,110,-9.0,0,45,40,11.0,2.002840498000296
mcts,MCTS,0.4,5,14,200056,5200056,2200056,1,110,-9.0,0,45,40,22.0,2.002840498000296
mcts,MCTS,0.4,2,14,200056,5200056,2200056,1,110,-9.0,0,45,40,55.0,2.002840498000296
mcts,MCTS,0.4,1,14,200056,5200056,2200056,1,110,-9.0,0,45,40,110.0,2.002840498000296
mcts,MCTS,0.4,20,15,200057,5200057,2200057,1,210,-109.0,0,98,49,10.5,4.7940297160093905
mcts,MCTS,0.4,10,15,200057,5200057,2200057,1,210,-109.0,0,98,49,21.0,4.7940297160093905
mcts,MCTS,0.4,5,15,200057,5200057,2200057,1,210,-109.0,0,98,49,42.0,4.7940297160093905
mcts,MCTS,0.4,2,15,200057,5200057,2200057,1,210,-109.0,0,98,49,105.0,4.7940297160093905
mcts,MCTS,0.4,1,15,200057,5200057,2200057,1,210,-109.0,0,98,49,210.0,4.7940297160093905
mcts,MCTS,0.4,20,16,200058,5200058,2200058,1,139,-50.0,3,54,43,6.95,3.1567420349965687
mcts,MCTS,0.4,10,16,200058,5200058,2200058,1,139,-50.0,3,54,43,13.9,3.1567420349965687
mcts,MCTS,0.4,5,16,200058,5200058,2200058,1,139,-50.0,3,54,43,27.8,3.1567420349965687
mcts,MCTS,0.4,2,16,200058,5200058,2200058,1,139,-50.0,3,54,43,69.5,3.1567420349965687
mcts,MCTS,0.4,1,16,200058,5200058,2200058,1,139,-50.0,3,54,43,139.0,3.1567420349965687
mcts,MCTS,0.4,20,17,200059,5200059,2200059,1,91,6.0,1,27,39,4.55,2.214893920991017
mcts,MCTS,0.4,10,17,200059,5200059,2200059,1,91,6.0,1,27,39,9.1,2.214893920991017
mcts,MCTS,0.4,5,17,200059,5200059,2200059,1,91,6.0,1,27,39,18.2,2.214893920991017
mcts,MCTS,0.4,2,17,200059,5200059,2200059,1,91,6.0,1,27,39,45.5,2.214893920991017
mcts,MCTS,0.4,1,17,200059,5200059,2200059,1,91,6.0,1,27,39,91.0,2.214893920991017
mcts,MCTS,0.4,20,18,200060,5200060,2200060,1,95,6.0,0,38,37,4.75,1.9176295870238391
mcts,MCTS,0.4,10,18,200060,5200060,2200060,1,95,6.0,0,38,37,9.5,1.9176295870238391
mcts,MCTS,0.4,5,18,200060,5200060,2200060,1,95,6.0,0,38,37,19.0,1.9176295870238391
mcts,MCTS,0.4,2,18,200060,5200060,2200060,1,95,6.0,0,38,37,47.5,1.9176295870238391
mcts,MCTS,0.4,1,18,200060,5200060,2200060,1,95,6.0,0,38,37,95.0,1.9176295870238391
mcts,MCTS,0.4,20,19,200061,5200061,2200061,1,153,-56.0,1,66,51,7.65,2.9736735789556406
mcts,MCTS,0.4,10,19,200061,5200061,2200061,1,153,-56.0,1,66,51,15.3,2.9736735789556406
mcts,MCTS,0.4,5,19,200061,5200061,2200061,1,153,-56.0,1,66,51,30.6,2.9736735789556406
mcts,MCTS,0.4,2,19,200061,5200061,2200061,1,153,-56.0,1,66,51,76.5,2.9736735789556406
mcts,MCTS,0.4,1,19,200061,5200061,2200061,1,153,-56.0,1,66,51,153.0,2.9736735789556406
mcts,MCTS,0.4,20,20,200062,5200062,2200062,1,124,-27.0,1,52,44,6.2,2.0906242599994584
mcts,MCTS,0.4,10,20,200062,5200062,2200062,1,124,-27.0,1,52,44,12.4,2.0906242599994584
mcts,MCTS,0.4,5,20,200062,5200062,2200062,1,124,-27.0,1,52,44,24.8,2.0906242599994584
mcts,MCTS,0.4,2,20,200062,5200062,2200062,1,124,-27.0,1,52,44,62.0,2.0906242599994584
mcts,MCTS,0.4,1,20,200062,5200062,2200062,1,124,-27.0,1,52,44,124.0,2.0906242599994584
mcts,MCTS,0.4,20,21,200063,5200063,2200063,1,153,-52.0,0,72,45,7.65,2.992123463020107
mcts,MCTS,0.4,10,21,200063,5200063,2200063,1,153,-52.0,0,72,45,15.3,2.992123463020107
mcts,MCTS,0.4,5,21,200063,5200063,2200063,1,153,-52.0,0,72,45,30.6,2.992123463020107
mcts,MCTS,0.4,2,21,200063,5200063,2200063,1,153,-52.0,0,72,45,76.5,2.992123463020107
mcts,MCTS,0.4,1,21,200063,5200063,2200063,1,153,-52.0,0,72,45,153.0,2.992123463020107
mcts,MCTS,0.4,20,22,200064,5200064,2200064,1,167,-70.0,1,70,42,8.35,3.8881201640469953
mcts,MCTS,0.4,10,22,200064,5200064,2200064,1,167,-70.0,1,70,42,16.7,3.8881201640469953
mcts,MCTS,0.4,5,22,200064,5200064,2200064,1,167,-70.0,1,70,42,33.4,3.8881201640469953
mcts,MCTS,0.4,2,22,200064,5200064,2200064,1,167,-70.0,1,70,42,83.5,3.8881201640469953
mcts,MCTS,0.4,1,22,200064,5200064,2200064,1,167,-70.0,1,70,42,167.0,3.8881201640469953
mcts,MCTS,0.4,20,23,200065,5200065,2200065,1,111,-10.0,0,45,39,5.55,2.105779881010676
mcts,MCTS,0.4,10,23,200065,5200065,2200065,1,111,-10.0,0,45,39,11.1,2.105779881010676
mcts,MCTS,0.4,5,23,200065,5200065,2200065,1,111,-10.0,0,45,39,22.2,2.105779881010676
mcts,MCTS,0.4,2,23,200065,5200065,2200065,1,111,-10.0,0,45,39,55.5,2.105779881010676
mcts,MCTS,0.4,1,23,200065,5200065,2200065,1,111,-10.0,0,45,39,111.0,2.105779881010676
mcts,MCTS,0.4,20,24,200066,5200066,2200066,1,132,-31.0,0,46,43,6.6,3.5238517530087847
mcts,MCTS,0.4,10,24,200066,5200066,2200066,1,132,-31.0,0,46,43,13.2,3.5238517530087847
mcts,MCTS,0.4,5,24,200066,5200066,2200066,1,132,-31.0,0,46,43,26.4,3.5238517530087847
mcts,MCTS,0.4,2,24,200066,5200066,2200066,1,132,-31.0,0,46,43,66.0,3.5238517530087847
mcts,MCTS,0.4,1,24,200066,5200066,2200066,1,132,-31.0,0,46,43,132.0,3.5238517530087847
mcts,MCTS,0.4,20,25,200067,5200067,2200067,1,179,-98.0,5,77,49,8.95,3.425271373020223
mcts,MCTS,0.4,10,25,200067,5200067,2200067,1,179,-98.0,5,77,49,17.9,3.425271373020223
mcts,MCTS,0.4,5,25,200067,5200067,2200067,1,179,-98.0,5,77,49,35.8,3.425271373020223
mcts,MCTS,0.4,2,25,200067,5200067,2200067,1,179,-98.0,5,77,49,89.5,3.425271373020223
mcts,MCTS,0.4,1,25,200067,5200067,2200067,1,179,-98.0,5,77,49,179.0,3.425271373020223
mcts,MCTS,0.4,20,26,200068,5200068,2200068,1,119,-18.0,0,43,42,5.95,1.7510576659806247
mcts,MCTS,0.4,10,26,200068,5200068,2200068,1,119,-18.0,0,43,42,11.9,1.7510576659806247
mcts,MCTS,0.4,5,26,200068,5200068,2200068,1,119,-18.0,0,43,42,23.8,1.7510576659806247
mcts,MCTS,0.4,2,26,200068,5200068,2200068,1,119,-18.0,0,43,42,59.5,1.7510576659806247
mcts,MCTS,0.4,1,26,200068,5200068,2200068,1,119,-18.0,0,43,42,119.0,1.7510576659806247
mcts,MCTS,0.4,20,27,200069,5200069,2200069,1,170,-81.0,3,71,51,8.5,2.4465093320141023
mcts,MCTS,0.4,10,27,200069,5200069,2200069,1,170,-81.0,3,71,51,17.0,2.4465093320141023
mcts,MCTS,0.4,5,27,200069,5200069,2200069,1,170,-81.0,3,71,51,34.0,2.4465093320141023
mcts,MCTS,0.4,2,27,200069,5200069,2200069,1,170,-81.0,3,71,51,85.0,2.4465093320141023
mcts,MCTS,0.4,1,27,200069,5200069,2200069,1,170,-81.0,3,71,51,170.0,2.4465093320141023
mcts,MCTS,0.4,20,28,200070,5200070,2200070,1,143,-54.0,3,57,42,7.15,2.508750916993449
mcts,MCTS,0.4,10,28,200070,5200070,2200070,1,143,-54.0,3,57,42,14.3,2.508750916993449
mcts,MCTS,0.4,5,28,200070,5200070,2200070,1,143,-54.0,3,57,42,28.6,2.508750916993449
mcts,MCTS,0.4,2,28,200070,5200070,2200070,1,143,-54.0,3,57,42,71.5,2.508750916993449
mcts,MCTS,0.4,1,28,200070,5200070,2200070,1,143,-54.0,3,57,42,143.0,2.508750916993449
mcts,MCTS,0.4,20,29,200071,5200071,2200071,1,153,-52.0,0,55,41,7.65,2.975220255983004
mcts,MCTS,0.4,10,29,200071,5200071,2200071,1,153,-52.0,0,55,41,15.3,2.975220255983004
mcts,MCTS,0.4,5,29,200071,5200071,2200071,1,153,-52.0,0,55,41,30.6,2.975220255983004
mcts,MCTS,0.4,2,29,200071,5200071,2200071,1,153,-52.0,0,55,41,76.5,2.975220255983004
mcts,MCTS,0.4,1,29,200071,5200071,2200071,1,153,-52.0,0,55,41,153.0,2.975220255983004
mcts,MCTS,0.5,20,0,200042,6200042,2200042,1,188,-95.0,2,93,41,9.4,4.841679468980146
mcts,MCTS,0.5,10,0,200042,6200042,2200042,1,188,-95.0,2,93,41,18.8,4.841679468980146
mcts,MCTS,0.5,5,0,200042,6200042,2200042,1,188,-95.0,2,93,41,37.6,4.841679468980146
mcts,MCTS,0.5,2,0,200042,6200042,2200042,1,188,-95.0,2,93,41,94.0,4.841679468980146
mcts,MCTS,0.5,1,0,200042,6200042,2200042,1,188,-95.0,2,93,41,188.0,4.841679468980146
mcts,MCTS,0.5,20,1,200043,6200043,2200043,1,170,-81.0,3,86,53,8.5,2.8087285769979644
mcts,MCTS,0.5,10,1,200043,6200043,2200043,1,170,-81.0,3,86,53,17.0,2.8087285769979644
mcts,MCTS,0.5,5,1,200043,6200043,2200043,1,170,-81.0,3,86,53,34.0,2.8087285769979644
mcts,MCTS,0.5,2,1,200043,6200043,2200043,1,170,-81.0,3,86,53,85.0,2.8087285769979644
mcts,MCTS,0.5,1,1,200043,6200043,2200043,1,170,-81.0,3,86,53,170.0,2.8087285769979644
mcts,MCTS,0.5,20,2,200044,6200044,2200044,1,205,-104.0,0,94,43,10.25,4.848240171013458
mcts,MCTS,0.5,10,2,200044,6200044,2200044,1,205,-104.0,0,94,43,20.5,4.848240171013458
mcts,MCTS,0.5,5,2,200044,6200044,2200044,1,205,-104.0,0,94,43,41.0,4.848240171013458
mcts,MCTS,0.5,2,2,200044,6200044,2200044,1,205,-104.0,0,94,43,102.5,4.848240171013458
mcts,MCTS,0.5,1,2,200044,6200044,2200044,1,205,-104.0,0,94,43,205.0,4.848240171013458
mcts,MCTS,0.5,20,3,200045,6200045,2200045,1,207,-106.0,0,87,50,10.35,5.42811804001758
mcts,MCTS,0.5,10,3,200045,6200045,2200045,1,207,-106.0,0,87,50,20.7,5.42811804001758
mcts,MCTS,0.5,5,3,200045,6200045,2200045,1,207,-106.0,0,87,50,41.4,5.42811804001758
mcts,MCTS,0.5,2,3,200045,6200045,2200045,1,207,-106.0,0,87,50,103.5,5.42811804001758
mcts,MCTS,0.5,1,3,200045,6200045,2200045,1,207,-106.0,0,87,50,207.0,5.42811804001758
mcts,MCTS,0.5,20,4,200046,6200046,2200046,1,141,-40.0,0,74,50,7.05,2.1493410000221047
mcts,MCTS,0.5,10,4,200046,6200046,2200046,1,141,-40.0,0,74,50,14.1,2.1493410000221047
mcts,MCTS,0.5,5,4,200046,6200046,2200046,1,141,-40.0,0,74,50,28.2,2.1493410000221047
mcts,MCTS,0.5,2,4,200046,6200046,2200046,1,141,-40.0,0,74,50,70.5,2.1493410000221047
mcts,MCTS,0.5,1,4,200046,6200046,2200046,1,141,-40.0,0,74,50,141.0,2.1493410000221047
mcts,MCTS,0.5,20,5,200047,6200047,2200047,1,227,-126.0,0,111,44,11.35,4.868086130005395
mcts,MCTS,0.5,10,5,200047,6200047,2200047,1,227,-126.0,0,111,44,22.7,4.868086130005395
mcts,MCTS,0.5,5,5,200047,6200047,2200047,1,227,-126.0,0,111,44,45.4,4.868086130005395
mcts,MCTS,0.5,2,5,200047,6200047,2200047,1,227,-126.0,0,111,44,113.5,4.868086130005395
mcts,MCTS,0.5,1,5,200047,6200047,2200047,1,227,-126.0,0,111,44,227.0,4.868086130005395
mcts,MCTS,0.5,20,6,200048,6200048,2200048,1,161,-76.0,4,86,44,8.05,3.3327857080148533
mcts,MCTS,0.5,10,6,200048,6200048,2200048,1,161,-76.0,4,86,44,16.1,3.3327857080148533
mcts,MCTS,0.5,5,6,200048,6200048,2200048,1,161,-76.0,4,86,44,32.2,3.3327857080148533
mcts,MCTS,0.5,2,6,200048,6200048,2200048,1,161,-76.0,4,86,44,80.5,3.3327857080148533
mcts,MCTS,0.5,1,6,200048,6200048,2200048,1,161,-76.0,4,86,44,161.0,3.3327857080148533
mcts,MCTS,0.5,20,7,200049,6200049,2200049,1,285,-188.0,1,149,59,14.25,5.776911711993307
mcts,MCTS,0.5,10,7,200049,6200049,2200049,1,285,-188.0,1,149,59,28.5,5.776911711993307
mcts,MCTS,0.5,5,7,200049,6200049,2200049,1,285,-188.0,1,149,59,57.0,5.776911711993307
mcts,MCTS,0.5,2,7,200049,6200049,2200049,1,285,-188.0,1,149,59,142.5,5.776911711993307
mcts,MCTS,0.5,1,7,200049,6200049,2200049,1,285,-188.0,1,149,59,285.0,5.776911711993307
mcts,MCTS,0.5,20,8,200050,6200050,2200050,1,211,-118.0,2,107,50,10.55,3.9790667109919013
mcts,MCTS,0.5,10,8,200050,6200050,2200050,1,211,-118.0,2,107,50,21.1,3.9790667109919013
mcts,MCTS,0.5,5,8,200050,6200050,2200050,1,211,-118.0,2,107,50,42.2,3.9790667109919013
mcts,MCTS,0.5,2,8,200050,6200050,2200050,1,211,-118.0,2,107,50,105.5,3.9790667109919013
mcts,MCTS,0.5,1,8,200050,6200050,2200050,1,211,-118.0,2,107,50,211.0,3.9790667109919013
mcts,MCTS,0.5,20,9,200051,6200051,2200051,1,141,-44.0,1,69,47,7.05,3.025486334987363
mcts,MCTS,0.5,10,9,200051,6200051,2200051,1,141,-44.0,1,69,47,14.1,3.025486334987363
mcts,MCTS,0.5,5,9,200051,6200051,2200051,1,141,-44.0,1,69,47,28.2,3.025486334987363
mcts,MCTS,0.5,2,9,200051,6200051,2200051,1,141,-44.0,1,69,47,70.5,3.025486334987363
mcts,MCTS,0.5,1,9,200051,6200051,2200051,1,141,-44.0,1,69,47,141.0,3.025486334987363
mcts,MCTS,0.5,20,10,200052,6200052,2200052,1,213,-124.0,3,109,52,10.65,4.316471547997935
mcts,MCTS,0.5,10,10,200052,6200052,2200052,1,213,-124.0,3,109,52,21.3,4.316471547997935
mcts,MCTS,0.5,5,10,200052,6200052,2200052,1,213,-124.0,3,109,52,42.6,4.316471547997935
mcts,MCTS,0.5,2,10,200052,6200052,2200052,1,213,-124.0,3,109,52,106.5,4.316471547997935
mcts,MCTS,0.5,1,10,200052,6200052,2200052,1,213,-124.0,3,109,52,213.0,4.316471547997935
mcts,MCTS,0.5,20,11,200053,6200053,2200053,1,211,-110.0,0,104,49,10.55,5.7405224979665945
mcts,MCTS,0.5,10,11,200053,6200053,2200053,1,211,-110.0,0,104,49,21.1,5.7405224979665945
mcts,MCTS,0.5,5,11,200053,6200053,2200053,1,211,-110.0,0,104,49,42.2,5.7405224979665945
mcts,MCTS,0.5,2,11,200053,6200053,2200053,1,211,-110.0,0,104,49,105.5,5.7405224979665945
mcts,MCTS,0.5,1,11,200053,6200053,2200053,1,211,-110.0,0,104,49,211.0,5.7405224979665945
mcts,MCTS,0.5,20,12,200054,6200054,2200054,1,140,-39.0,0,69,45,7.0,2.151257962003001
mcts,MCTS,0.5,10,12,200054,6200054,2200054,1,140,-39.0,0,69,45,14.0,2.151257962003001
mcts,MCTS,0.5,5,12,200054,6200054,2200054,1,140,-39.0,0,69,45,28.0,2.151257962003001
mcts,MCTS,0.5,2,12,200054,6200054,2200054,1,140,-39.0,0,69,45,70.0,2.151257962003001
mcts,MCTS,0.5,1,12,200054,6200054,2200054,1,140,-39.0,0,69,45,140.0,2.151257962003001
mcts,MCTS,0.5,20,13,200055,6200055,2200055,1,277,-192.0,4,150,60,13.85,6.18043037498137
mcts,MCTS,0.5,10,13,200055,6200055,2200055,1,277,-192.0,4,150,60,27.7,6.18043037498137
mcts,MCTS,0.5,5,13,200055,6200055,2200055,1,277,-192.0,4,150,60,55.4,6.18043037498137
mcts,MCTS,0.5,2,13,200055,6200055,2200055,1,277,-192.0,4,150,60,138.5,6.18043037498137
mcts,MCTS,0.5,1,13,200055,6200055,2200055,1,277,-192.0,4,150,60,277.0,6.18043037498137
mcts,MCTS,0.5,20,14,200056,6200056,2200056,1,258,-181.0,6,144,52,12.9,4.273279618009838
mcts,MCTS,0.5,10,14,200056,6200056,2200056,1,258,-181.0,6,144,52,25.8,4.273279618009838
mcts,MCTS,0.5,5,14,200056,6200056,2200056,1,258,-181.0,6,144,52,51.6,4.273279618009838
mcts,MCTS,0.5,2,14,200056,6200056,2200056,1,258,-181.0,6,144,52,129.0,4.273279618009838
mcts,MCTS,0.5,1,14,200056,6200056,2200056,1,258,-181.0,6,144,52,258.0,4.273279618009838
mcts,MCTS,0.5,20,15,200057,6200057,2200057,1,162,-65.0,1,89,44,8.1,2.564543537017016
mcts,MCTS,0.5,10,15,200057,6200057,2200057,1,162,-65.0,1,89,44,16.2,2.564543537017016
mcts,MCTS,0.5,5,15,200057,6200057,2200057,1,162,-65.0,1,89,44,32.4,2.564543537017016
mcts,MCTS,0.5,2,15,200057,6200057,2200057,1,162,-65.0,1,89,44,81.0,2.564543537017016
mcts,MCTS,0.5,1,15,200057,6200057,2200057,1,162,-65.0,1,89,44,162.0,2.564543537017016
mcts,MCTS,0.5,20,16,200058,6200058,2200058,1,284,-223.0,10,150,53,14.2,8.316835661022196
mcts,MCTS,0.5,10,16,200058,6200058,2200058,1,284,-223.0,10,150,53,28.4,8.316835661022196
mcts,MCTS,0.5,5,16,200058,6200058,2200058,1,284,-223.0,10,150,53,56.8,8.316835661022196
mcts,MCTS,0.5,2,16,200058,6200058,2200058,1,284,-223.0,10,150,53,142.0,8.316835661022196
mcts,MCTS,0.5,1,16,200058,6200058,2200058,1,284,-223.0,10,150,53,284.0,8.316835661022196
mcts,MCTS,0.5,20,17,200059,6200059,2200059,1,236,-147.0,3,128,61,11.8,5.213000923005893
mcts,MCTS,0.5,10,17,200059,6200059,2200059,1,236,-147.0,3,128,61,23.6,5.213000923005893
mcts,MCTS,0.5,5,17,200059,6200059,2200059,1,236,-147.0,3,128,61,47.2,5.213000923005893
mcts,MCTS,0.5,2,17,200059,6200059,2200059,1,236,-147.0,3,128,61,118.0,5.213000923005893
mcts,MCTS,0.5,1,17,200059,6200059,2200059,1,236,-147.0,3,128,61,236.0,5.213000923005893
mcts,MCTS,0.5,20,18,200060,6200060,2200060,1,161,-64.0,1,73,46,8.05,3.5211999120183464
mcts,MCTS,0.5,10,18,200060,6200060,2200060,1,161,-64.0,1,73,46,16.1,3.5211999120183464
mcts,MCTS,0.5,5,18,200060,6200060,2200060,1,161,-64.0,1,73,46,32.2,3.5211999120183464
mcts,MCTS,0.5,2,18,200060,6200060,2200060,1,161,-64.0,1,73,46,80.5,3.5211999120183464
mcts,MCTS,0.5,1,18,200060,6200060,2200060,1,161,-64.0,1,73,46,161.0,3.5211999120183464
mcts,MCTS,0.5,20,19,200061,6200061,2200061,1,168,-67.0,0,75,43,8.4,2.6403281290113227
mcts,MCTS,0.5,10,19,200061,6200061,2200061,1,168,-67.0,0,75,43,16.8,2.6403281290113227
mcts,MCTS,0.5,5,19,200061,6200061,2200061,1,168,-67.0,0,75,43,33.6,2.6403281290113227
mcts,MCTS,0.5,2,19,200061,6200061,2200061,1,168,-67.0,0,75,43,84.0,2.6403281290113227
mcts,MCTS,0.5,1,19,200061,6200061,2200061,1,168,-67.0,0,75,43,168.0,2.6403281290113227
mcts,MCTS,0.5,20,20,200062,6200062,2200062,1,250,-157.0,2,129,54,12.5,5.291487947997666
mcts,MCTS,0.5,10,20,200062,6200062,2200062,1,250,-157.0,2,129,54,25.0,5.291487947997666
mcts,MCTS,0.5,5,20,200062,6200062,2200062,1,250,-157.0,2,129,54,50.0,5.291487947997666
mcts,MCTS,0.5,2,20,200062,6200062,2200062,1,250,-157.0,2,129,54,125.0,5.291487947997666
mcts,MCTS,0.5,1,20,200062,6200062,2200062,1,250,-157.0,2,129,54,250.0,5.291487947997666
mcts,MCTS,0.5,20,21,200063,6200063,2200063,1,219,-130.0,3,96,55,10.95,4.53406758100391
mcts,MCTS,0.5,10,21,200063,6200063,2200063,1,219,-130.0,3,96,55,21.9,4.53406758100391
mcts,MCTS,0.5,5,21,200063,6200063,2200063,1,219,-130.0,3,96,55,43.8,4.53406758100391
mcts,MCTS,0.5,2,21,200063,6200063,2200063,1,219,-130.0,3,96,55,109.5,4.53406758100391
mcts,MCTS,0.5,1,21,200063,6200063,2200063,1,219,-130.0,3,96,55,219.0,4.53406758100391
mcts,MCTS,0.5,20,22,200064,6200064,2200064,1,222,-121.0,0,116,47,11.1,5.42593545404452
mcts,MCTS,0.5,10,22,200064,6200064,2200064,1,222,-121.0,0,116,47,22.2,5.42593545404452
mcts,MCTS,0.5,5,22,200064,6200064,2200064,1,222,-121.0,0,116,47,44.4,5.42593545404452
mcts,MCTS,0.5,2,22,200064,6200064,2200064,1,222,-121.0,0,116,47,111.0,5.42593545404452
mcts,MCTS,0.5,1,22,200064,6200064,2200064,1,222,-121.0,0,116,47,222.0,5.42593545404452
mcts,MCTS,0.5,20,23,200065,6200065,2200065,1,175,-74.0,0,86,50,8.75,2.974243505006598
mcts,MCTS,0.5,10,23,200065,6200065,2200065,1,175,-74.0,0,86,50,17.5,2.974243505006598
mcts,MCTS,0.5,5,23,200065,6200065,2200065,1,175,-74.0,0,86,50,35.0,2.974243505006598
mcts,MCTS,0.5,2,23,200065,6200065,2200065,1,175,-74.0,0,86,50,87.5,2.974243505006598
mcts,MCTS,0.5,1,23,200065,6200065,2200065,1,175,-74.0,0,86,50,175.0,2.974243505006598
mcts,MCTS,0.5,20,24,200066,6200066,2200066,1,180,-79.0,0,85,49,9.0,3.5462806280229415
mcts,MCTS,0.5,10,24,200066,6200066,2200066,1,180,-79.0,0,85,49,18.0,3.5462806280229415
mcts,MCTS,0.5,5,24,200066,6200066,2200066,1,180,-79.0,0,85,49,36.0,3.5462806280229415
mcts,MCTS,0.5,2,24,200066,6200066,2200066,1,180,-79.0,0,85,49,90.0,3.5462806280229415
mcts,MCTS,0.5,1,24,200066,6200066,2200066,1,180,-79.0,0,85,49,180.0,3.5462806280229415
mcts,MCTS,0.5,20,25,200067,6200067,2200067,1,269,-168.0,0,139,54,13.45,4.258882575984899
mcts,MCTS,0.5,10,25,200067,6200067,2200067,1,269,-168.0,0,139,54,26.9,4.258882575984899
mcts,MCTS,0.5,5,25,200067,6200067,2200067,1,269,-168.0,0,139,54,53.8,4.258882575984899
mcts,MCTS,0.5,2,25,200067,6200067,2200067,1,269,-168.0,0,139,54,134.5,4.258882575984899
mcts,MCTS,0.5,1,25,200067,6200067,2200067,1,269,-168.0,0,139,54,269.0,4.258882575984899
mcts,MCTS,0.5,20,26,200068,6200068,2200068,1,181,-96.0,4,94,41,9.05,4.457264794975345
mcts,MCTS,0.5,10,26,200068,6200068,2200068,1,181,-96.0,4,94,41,18.1,4.457264794975345
mcts,MCTS,0.5,5,26,200068,6200068,2200068,1,181,-96.0,4,94,41,36.2,4.457264794975345
mcts,MCTS,0.5,2,26,200068,6200068,2200068,1,181,-96.0,4,94,41,90.5,4.457264794975345
mcts,MCTS,0.5,1,26,200068,6200068,2200068,1,181,-96.0,4,94,41,181.0,4.457264794975345
mcts,MCTS,0.5,20,27,200069,6200069,2200069,1,192,-107.0,4,94,47,9.6,4.538630038001429
mcts,MCTS,0.5,10,27,200069,6200069,2200069,1,192,-107.0,4,94,47,19.2,4.538630038001429
mcts,MCTS,0.5,5,27,200069,6200069,2200069,1,192,-107.0,4,94,47,38.4,4.538630038001429
mcts,MCTS,0.5,2,27,200069,6200069,2200069,1,192,-107.0,4,94,47,96.0,4.538630038001429
mcts,MCTS,0.5,1,27,200069,6200069,2200069,1,192,-107.0,4,94,47,192.0,4.538630038001429
mcts,MCTS,0.5,20,28,200070,6200070,2200070,1,187,-86.0,0,103,43,9.35,4.694300917988585
mcts,MCTS,0.5,10,28,200070,6200070,2200070,1,187,-86.0,0,103,43,18.7,4.694300917988585
mcts,MCTS,0.5,5,28,200070,6200070,2200070,1,187,-86.0,0,103,43,37.4,4.694300917988585
mcts,MCTS,0.5,2,28,200070,6200070,2200070,1,187,-86.0,0,103,43,93.5,4.694300917988585
mcts,MCTS,0.5,1,28,200070,6200070,2200070,1,187,-86.0,0,103,43,187.0,4.694300917988585
mcts,MCTS,0.5,20,29,200071,6200071,2200071,1,190,-89.0,0,87,53,9.5,3.3789012520028336
mcts,MCTS,0.5,10,29,200071,6200071,2200071,1,190,-89.0,0,87,53,19.0,3.3789012520028336
mcts,MCTS,0.5,5,29,200071,6200071,2200071,1,190,-89.0,0,87,53,38.0,3.3789012520028336
mcts,MCTS,0.5,2,29,200071,6200071,2200071,1,190,-89.0,0,87,53,95.0,3.3789012520028336
mcts,MCTS,0.5,1,29,200071,6200071,2200071,1,190,-89.0,0,87,53,190.0,3.3789012520028336
